Geography,1992 Q1,1992 Q2,1992 Q3,1992 Q4,1993 Q1,1993 Q2,1993 Q3,1993 Q4,1994 Q1,1994 Q2,1994 Q3,1994 Q4,1995 Q1,1995 Q2,1995 Q3,1995 Q4,1996 Q1,1996 Q2,1996 Q3,1996 Q4,1997 Q1,1997 Q2,1997 Q3,1997 Q4,1998 Q1,1998 Q2,1998 Q3,1998 Q4,1999 Q1,1999 Q2,1999 Q3,1999 Q4,2000 Q1,2000 Q2,2000 Q3,2000 Q4,2001 Q1,2001 Q2,2001 Q3,2001 Q4,2002 Q1,2002 Q2,2002 Q3,2002 Q4,2003 Q1,2003 Q2,2003 Q3,2003 Q4,2004 Q1,2004 Q2,2004 Q3,2004 Q4,2005 Q1,2005 Q2,2005 Q3,2005 Q4,2006 Q1,2006 Q2,2006 Q3,2006 Q4,2007 Q1,2007 Q2,2007 Q3,2007 Q4,2008 Q1,2008 Q2,2008 Q3,2008 Q4,2009 Q1,2009 Q2,2009 Q3,2009 Q4,2010 Q1,2010 Q2,2010 Q3,2010 Q4,2011 Q1,2011 Q2,2011 Q3,2011 Q4,2012 Q1,2012 Q2,2012 Q3,2012 Q4,2013 Q1,2013 Q2,2013 Q3,2013 Q4,2014 Q1,2014 Q2,2014 Q3,2014 Q4,2015 Q1,2015 Q2,2015 Q3,2015 Q4,2016 Q1,2016 Q2,2016 Q3,2016 Q4,2017 Q1,2017 Q2,2017 Q3,2017 Q4,2018 Q1,2018 Q2,2018 Q3,2018 Q4,2019 Q1,2019 Q2,2019 Q3,2019 Q4,2020 Q1,2020 Q2,2020 Q3,2020 Q4,2021 Q1,2021 Q2,2021 Q3,2021 Q4,2022 Q1,2022 Q2,2022 Q3,2022 Q4,2023 Q1,2023 Q2,2023 Q3,2023 Q4,2024 Q1,2024 Q2,2024 Q3,2024 Q4,2025 Q1,2025 Q2,2025 Q3,2025 Q4,2026 Q1,2026 Q2
United States,2.269999999999996,2.1099999999999994,2.7750049910161576,2.6917367639782275,1.505817932922662,2.683380667907154,2.6029526029526098,2.7753686036426806,3.6509006839418086,3.4430138292799235,3.2942067398712647,2.8223159868729404,2.527881040892192,2.33265720081136,2.630131964809375,2.7357286157213205,3.009427121102255,3.0453193981439854,2.7681042950263492,2.75164210900054,2.499120028159102,2.6930139022470914,2.789121557042309,3.2912923289564513,3.932005494505493,4.495530012771392,5.097210481825868,5.687045245462919,5.906162233603177,6.005051739590964,6.257540416633166,6.093218327134595,6.419156072069253,6.641045349730988,6.661115736885915,6.936674871335878,7.014072119613012,6.933833069050024,6.890923284365913,6.716886377903323,6.499554825011993,6.740361283364788,7.150444828044073,7.601307189542481,7.723472668810285,7.470320788077786,7.5407398227895275,7.787159084006556,8.286072473285175,9.266114342793355,9.910117538603359,10.14370245139476,10.42505099509346,10.561411056141099,10.615433004822815,10.263494499872092,9.161258112830751,7.076848249027242,4.487938960238851,2.788733701452378,1.9163045963869185,0.9402679990915254,-0.5125181422351214,-2.785301552907194,-5.582480703643869,-7.987579875798759,-9.122407111921582,-10.164847921987457,-8.626425855513311,-7.2871325866875365,-5.332597571987557,-2.5121472138943517,-2.7828348504551337,-1.9306852350055372,-3.08939642838218,-3.9978791092258708,-5.296950240770468,-5.604862567909197,-3.7401574803149624,-2.62343974373136,0.045197740113001414,2.49586871046783,3.408316291751875,4.804038341557483,6.511181386943754,6.9327847890142875,7.289606679850588,6.775625067648019,5.858650124595717,4.694811271706354,4.2240540678920695,4.485554992397361,4.677952519282782,5.119928489844566,5.251522892513263,5.398981324278436,5.23923444976076,5.3996598639455815,5.689614935822636,5.821980854197352,5.883155262559672,6.162879297207655,6.182653241476771,6.158396033575434,6.732792305380225,6.147091108671778,5.897521211112963,5.448809865213644,4.803475882045298,4.820618884734721,4.862147513942343,5.470297991374973,6.1993781428736074,5.600667830310385,8.157303370786506,11.120934173205141,12.965372659582139,17.34818541142651,18.169540826927083,17.39375455811177,18.113461107733663,16.608487966195117,11.469597069597064,7.675147544686982,4.090588936446883,2.812352292421611,5.1552354162832925,6.121003907581751,6.417863835103052,5.698158506372438,4.447500000000005,4.566909675027807,4.228417706040602,3.078484438430314,2.4557792192249672,2.0324722898400074,1.874750698045475,2.135590041727229
Alabama,4.200000000000003,2.973133148952988,4.0812322181889495,4.675349922239505,4.4145873320537365,5.093525179856117,4.892072768404183,4.559383415358898,4.788602941176478,5.576852866009492,4.672897196261685,4.289520426287755,3.8680817472151534,3.0863663871358114,3.605769230769233,3.534020267393333,3.445363958790743,4.335793357933581,3.447132913490219,3.7012666556999507,4.130612244897961,2.5239128687404557,3.2922140339634614,2.53807106598985,2.328316086547506,3.3163465307722495,3.36564559906941,4.548267326732669,4.159963226844409,4.135680679921072,3.406106984770066,3.1296241491565477,3.486319505736967,3.060555272170821,3.0835086701008487,2.1809312002295864,2.316986496090988,2.5454288340521773,2.7378941441441342,3.257740644527126,2.827174215059734,2.958008687857679,2.8704528327738563,3.923301829060998,3.9316354792947332,3.9914278060541175,5.334310069259451,3.801360900287884,4.003899902502436,4.694744976816069,4.849212872226096,5.9817207689883265,6.962064870945575,6.938549547887066,7.0791123974915635,8.516712263589879,9.330996202161845,9.536957146965783,8.773510530465133,7.261865614381234,5.958743052586579,5.20926324633723,3.4945123213915927,2.2839916202544575,0.04539264639128633,-1.9216371350137231,-3.171427142213998,-4.630832250974128,-3.5491026416616354,-2.9923664122137383,-4.189698816965431,0.4033314127075639,-3.7528747647919753,-5.172594691008295,-3.5587188612099614,-8.743739565943248,-6.918648854132716,-5.991369772073459,-4.428044280442813,-2.355362451406344,0.6826137689614863,3.6838698287530107,0.8131508131508218,3.17330210772833,2.6482007301384907,1.594869175322097,4.340509487610973,2.3777096810804665,2.873433442474881,1.2849162011173247,1.6962349146321178,2.571919516656513,1.651758766394128,4.009928295642571,3.275730066717697,2.561469873007285,3.5413517598790767,2.7098690141592057,3.7490071485305867,4.283681964276303,4.030239833159536,4.176992978108221,4.1953758995559625,4.885812449474543,4.976695233799433,5.550874758388257,5.442076904237073,4.682306469483115,5.900887997708386,5.169742217213688,5.783703428412161,6.589664534535913,7.0552700387701766,6.719349941959109,8.115585613280045,11.35863230151535,11.365646186886757,15.905953227628336,17.72208456882895,17.011708149181977,18.456477350071847,15.99350297780184,12.97011938444553,9.691206679477835,7.373830880709939,4.309808314662673,5.49463974832777,4.104872081432939,3.3385854862205364,5.438381909847564,3.329473074696005,4.807636511344511,4.6173762945914705,3.4433001358080624,2.087419445222764,2.4554992663953725,2.263165131307581,2.7761822707256303
Alaska,3.049999999999997,3.538676236044669,3.034183824253766,1.9682354087498881,1.9408054342552161,2.705304707807839,3.0786882111100473,6.0965121834687,5.949547834364589,4.415073115860511,3.9235692421853297,0.8105917319643391,3.0188679245283017,4.138612083669988,4.605498036415563,5.610649513088525,5.1020408163265385,4.08620689655172,2.3805460750853173,4.8896032484561385,2.0745166376234336,2.6917343051184366,3.9336611384282016,1.9759658036938486,3.0241443785058117,3.718041777562706,3.6404458343356643,3.669724770642214,4.671348536258188,3.258164852255053,3.582205029013536,1.6020750686603555,0.746324915190336,2.3495745161533286,2.4947714371078606,3.581618861690931,5.52229871296021,5.672871753366204,6.143419326628776,8.46683581007612,6.34661750106367,6.5937891658543375,7.524888431170619,5.754193677738431,7.788224311528976,7.01548108955517,6.021326862907846,8.430232558139537,8.617383235385095,8.630897881950794,10.587810166225015,9.83797645413218,9.870144663401287,10.889475754340616,11.583705478706014,10.309880080653707,10.507490539629885,9.647833797821125,6.491288008199528,5.555822790899039,4.784688995215306,4.380978788298914,2.7132315871488224,1.6769959897922015,-1.6518936341659942,-1.0758400850046517,-1.4858774708848388,-0.13893868770168621,2.999681369202059,-3.3610812746151053,-2.7085786756046697,-3.2404290651227496,-5.294325614283184,2.102533228361039,3.119180633147108,2.40734727955842,4.946336910872605,0.2993604572050603,1.575620767494361,0.8334088232629784,-2.6411738550466866,0.6873784651562476,0.40890706253610715,1.5182822747282343,4.297588600657653,2.7217606108241643,1.181886592005673,2.2433628318584042,1.112230152822171,2.339206855843642,2.9311400822469103,3.5054312545981716,4.447620284959513,2.845424250192257,2.388643318599118,2.341430781452533,1.6460734720955297,2.816550348953141,2.557077625570775,1.0417943375413583,1.8274525800530246,-0.10101010101010101,1.5178499150004048,1.5486010027494794,2.095100749108688,2.5075834175935245,1.0884733463577967,1.4174795938682072,1.4635486149258263,3.8548037088183227,4.034866293287051,4.208707942365828,3.445608878920309,3.335612795380279,3.6736550782879016,8.559695588290687,8.115887850467281,9.18014705882354,13.23776786367295,10.574353635259424,11.690467134608072,11.917028656093203,9.51043079506555,5.589730713702845,6.312302643799159,4.0799133469731625,2.736575152605341,6.53925036411735,3.7797385049940186,5.290240518038856,6.972071529033561,3.838964372401861,6.226325093296669,3.393553346878248,0.9847590426102865,4.5836803783014055,6.476834486766347,8.303680492856774
Arizona,2.1200000000000045,1.27719018160048,3.311524911927535,2.017006130116676,1.880141010575795,3.605911330049258,3.916601714731095,5.291723202170957,5.997693194925024,6.865728413845567,6.984811550721923,6.747054491899851,6.274936525208561,5.721658658124228,5.617386732100601,4.932310080193152,5.511945392491462,4.932244760542042,4.488881513441761,3.9691018160900633,3.3317159954714577,3.5373385738349326,3.398713571031526,4.054694909895677,4.132102050399125,4.68701580415245,5.191613547346587,5.271553361184958,5.869532541710508,5.550210908014504,5.782288092282972,5.87343964210981,5.955845815290683,5.882352941176481,5.3764925115605084,5.861105431745398,5.433471794184654,5.972718845186056,6.169766832591032,6.444344299233882,5.731715066404004,5.667333166708337,6.070326958667492,6.2295875166323835,7.632670232586104,7.557211282597109,8.026055600790981,9.342974265543171,10.536601708638118,12.4305899169828,15.564767955206198,18.573288206196295,23.050111133562332,30.3325183374083,33.94828791055205,32.864921833831026,28.847653844574907,19.00724121112071,8.757651641624934,5.717874140666318,0.9685847193015878,-1.4817617201046656,-2.4944035817077106,-9.375976989933097,-12.631745029977903,-16.458126660053125,-20.80026238110856,-22.410045882637046,-22.72546682558602,-22.688270895579556,-17.413450389266185,-13.23640567338047,-10.937134844589847,-8.125650299757224,-10.098781527352962,-11.504560828123394,-12.689582786670167,-13.158604325082242,-9.716102403926593,-3.6076205918119117,3.834825990262665,13.003788114016022,18.731080496694872,18.286675477592212,18.269175108538352,18.013958344782107,13.954940423539202,14.80446927374302,11.585336009005916,7.045401629802093,5.853613990228767,4.05662464056624,5.447846302307227,5.977031494692888,7.583142820169946,7.648159170138598,7.146422628951737,7.864707331089388,6.459243815404349,7.270644919236996,7.523876077335196,7.690844052058771,8.748870141608926,7.882335615934013,8.878538417099954,7.97554683911092,7.542857142857133,8.395044875951276,6.161498922235113,6.88571802591963,7.541944417608611,7.993577432862131,9.671071127354507,9.451928965094918,11.40290462644108,14.281966066118597,18.04950297644479,23.915293591070565,27.422519689272384,27.302874926660042,26.581576026637077,23.907350550839816,13.131526210315355,5.173933953190123,0.38693936679182905,-2.9515723499617468,1.6968114861085257,5.719620470220627,5.010822921809135,5.557015732362112,3.232489915658232,1.6994665513264038,2.2800831751197927,-0.16896097890656378,-0.3196987727119256,0.6733887402314452,0.2421949581020409,0.5807842368744731
Arkansas,2.950000000000003,3.4193998604326516,3.515007898894157,2.546408786082228,4.3807673627974655,5.369192211297482,6.323922167111785,5.781442517296933,7.249209008002984,6.257432988747603,4.934062976585628,6.737747513663647,3.2624728850325426,4.416702539819195,4.873044370351375,3.7522034751951643,4.327367448113597,3.3558707124010496,2.111355669682892,1.6909385113268636,2.6014819587628897,1.7151974471479905,2.251317260099,2.8562335905800014,1.5150325771253572,1.513725490196084,3.1855090568394626,2.575804455445554,3.696257346118158,4.195317932473157,2.7693704600484237,3.0616092300731266,2.3489932885906084,3.3738691976864765,2.8051833308791063,3.138947830540734,4.102003642987246,2.797503765870458,3.8100694693117476,3.6322360953462,2.897536394176942,4.193705952131737,3.973784063470176,4.319550930996696,4.91089647666984,4.721403696758647,5.5470771680711195,5.577793818492028,6.697354771784221,6.791584063439281,6.538002137423779,7.1228789856423695,6.574709849911888,6.317743577459718,6.862571546586414,7.39193501595591,6.750669935572155,6.742142615748563,5.278851463279957,3.8521800205305503,2.8200608876782574,2.5222943380296563,1.9668519878317425,0.5046301113307662,-1.1479923120876732,-3.021256884039325,-3.1016922997788186,-4.3066411304932934,-3.173935890698907,-2.632416940876754,-2.617050642318721,1.7579921025585545,-3.1802887224573895,-0.9375340673716336,-3.428727173616785,-6.602168828407408,-0.723094170403583,-4.572466160448994,-0.9934522465567798,1.5537848605577795,0.3726497656823423,4.705068327279015,3.255416191562148,1.6028694726223085,4.365190977105243,1.7842392202213828,2.468113301308596,1.6051629985106717,0.04311971109794239,1.3417735216144508,1.3309623881883816,4.16938110749186,1.1475674802004177,2.4344669264855066,3.4724807232119117,1.7719407963310432,4.309150953446257,2.9655495908688163,2.3126734505087883,2.391437935272423,3.7277230250727578,2.8902611864749987,3.6065903154510637,5.146286571642921,4.041746664697488,4.796575982683131,3.990109570445078,3.2581811263318086,4.400492098041063,4.553563045723401,4.554990908667063,3.883182090377266,3.5668963016678776,4.9119971264367805,7.054311959332928,10.872649875842487,12.025731915452287,14.906274073440045,16.927690769743425,18.565029595264754,19.26247119028087,17.527654661253678,14.3381305215161,9.363826485866575,8.244349819849333,5.7550308984313,5.15001402000186,5.6288939608907524,5.186552485853476,5.366935363039773,5.6444444444444475,4.3565859783338565,3.288167774229742,4.106706103179568,2.0978824849249644,3.995635020565777,3.055369875222808,1.1282303447522253
California,-0.9000000000000057,-1.705520234130586,-1.8231540565177728,-3.634894991922464,-5.499495459132179,-5.092402464065716,-6.324151449499649,-5.699916177703266,-5.072076882007474,-4.662483773258332,-3.6453744493392093,-3.644444444444446,-2.9808773903262153,-2.8140247361851696,-2.217396273859867,-1.902675276752774,-1.4260869565217438,-1.4127262113251697,-1.0987726475745152,0.08228517691313907,-0.30581039755350614,2.1435338702036977,3.2620257652759785,4.4162555790462825,7.373761208117036,8.55652173913043,9.534165045210024,10.236220472440937,10.394462147016805,9.804549823774439,9.926854754440962,10.316326530612244,11.038120832089184,11.759556463379052,12.775665399239541,14.170752011839799,14.503406238795261,14.18624891209746,12.90458530006742,11.4558859272462,11.225927665570705,13.018292682926841,15.774542739828313,17.10401977175256,17.687218468468462,16.73860264364715,16.198091307712133,18.36747361887027,19.998803899288315,23.108030040439054,26.182019977802444,25.391997482825534,25.402442063294295,24.073205068043166,21.53663470841764,18.606499100832256,13.806533661871079,7.469742813918306,0.7779989144201112,-3.702397743300423,-4.895935186478572,-6.493049445715288,-9.694793536804308,-14.577077993409018,-21.620033781302773,-27.17350395182536,-28.250497017892652,-27.065026362038658,-23.25962709641151,-16.56847545219638,-8.92768079800498,-1.9688510138113395,1.5994139551919935,2.6077799801783996,-1.1926493854204745,-4.640287769784178,-6.72354743736105,-8.294597041955937,-6.7064909471609715,-4.658619388909843,-1.1788198917804769,3.8772957672306068,6.640702356591195,11.43422354104847,15.83338765399908,18.713561470215463,20.93469514082327,18.095745310373385,14.727068092290388,10.697699247317564,7.856886932487073,7.47607355815003,7.235002697797616,6.881419684621681,6.957099468488989,7.221781901254129,6.833775500869087,7.22342537448115,7.014819416097259,6.852769806070101,7.188730947079976,7.473174836945083,8.118081180811803,7.996256205745901,8.160575194727373,6.839982772796679,5.978448441155053,4.868307019857574,3.2572568136494757,3.8441805922017034,3.9296569691706513,4.520139412884907,5.92274678111588,4.732328757454906,7.596963999721465,11.708893396129122,14.171393841166926,19.819394837927103,20.693114159979288,19.23372826588706,19.093248158992104,14.828458942632158,6.812515080833258,1.3214608336559568,-2.994859569395814,-2.0449146523645005,2.226405622489961,4.844995796927932,6.0312827995801666,4.130206510325512,3.130601320990989,2.4441798877523757,1.7817909654989246,0.36014405762304924,-0.5428312937479103,-0.5336179295624333,-0.42934743933391895,-0.20334928229665616
Colorado,5.519999999999996,7.596451001894132,8.365394100818772,9.96410206655672,9.571645185746787,10.488279440378017,12.407828857533008,12.758073054526198,13.881681370005175,13.492662473794553,11.775186264982187,9.499217527386541,7.594744436849702,5.874094872173776,5.491957687291685,5.330856081177653,5.456342203712867,5.5412101332961115,4.945054945054957,5.149253731343285,4.698795180722879,4.5030747867486625,4.6793193717277335,4.697077230789084,5.32540595831736,5.947861300936476,6.483276023757427,7.623097306957524,8.303490136570565,9.585523172479702,11.12024424612494,10.765002290426025,11.44986829569019,11.139571638781403,10.858078833350952,11.409222497932172,11.581011767072297,10.43985681361251,8.145464944473572,5.981160967008499,4.62841948713327,3.5254417902495323,3.7769942706037867,4.119964973730296,2.7437973811164733,2.4961399897066365,2.0597103665010383,1.7577057314662994,2.4734834192764037,3.8915390409239317,4.535619174434091,4.1695937848671445,5.248946528658505,4.4304817141936415,4.529894116710462,6.061567756267851,4.586799346964165,3.8684048133292315,2.9246001523229053,2.1169958108916695,1.2413588047275608,1.1956481378337123,0.39958561491787814,-2.241594022415942,-3.3516886930983834,-3.7316992624665026,-4.628537735849057,-5.099288122892464,-1.5725301021764677,-1.2997408141485078,0.2627511591962932,2.2464368905207572,0.1273492069617505,-1.2241745510716306,-3.295051641745032,-2.3669781450305134,-4.493948970939632,-4.5390570021111944,-1.5621886581915339,-2.2898951947795103,0.16949152542372375,5.47159765736986,6.570584186875032,8.589006719015611,9.753444525018132,9.004776142585353,8.661297675125365,8.334575816311322,8.62239841427156,7.117412368196052,7.072437421339658,8.962978254885774,10.678561773452271,11.253741270369149,12.377967153165516,10.410811834917435,9.645212506106507,9.909128953189446,9.736184554593525,10.716124234971106,9.776948567291363,9.964916097799774,8.811459133151535,8.90140262960762,10.237938207092474,8.6884475552148,8.419106017470853,6.809933821959733,4.512402779695341,5.274655258726621,5.440222636173892,6.107039751276926,6.999273431823691,5.094674044613521,7.8648815478597704,10.832984512348249,13.051977447631579,19.600584109746823,20.269950272318262,18.05838809577765,20.754991718388833,16.46059397086895,8.216840585417065,4.737759721044784,-1.5721090075967776,-2.278398771466129,2.146885802656329,3.0176692475680134,3.5987197745823187,2.9404653974010335,1.6297571691503916,2.1865781164297253,1.9970140870053645,-0.4917359011243905,-0.6849715203738943,-1.5450008704230387,-2.2926871684878605,-0.5251434556209446
Connecticut,-2.6099999999999994,-2.6844952536490716,-1.9658830871645523,-0.5426275696545926,-5.051853373036248,-3.9647577092511024,-3.1087533156498743,-4.322736334067784,-1.20038931545366,-0.043687199650509226,0.010950503723176868,-0.09869503235004212,-0.9851138353765385,-1.3986013986014,-0.9087922916894758,-0.5927552140504853,0.6743311961087768,0.9086879432624196,0.13259668508287795,-0.187720848056539,0,0.7687239182956324,1.7435444714191106,3.0644982852085363,2.8659273086636805,3.8251961639058316,5.412147505422988,6.515671962215551,8.454312553373171,8.44966936076414,8.37534725794835,8.364405925627327,8.51377952755906,9.456058846302758,8.838887306560336,9.039337859202082,9.015873015873014,8.842514811212308,10.450104675505935,10.191897654584212,10.100673932939525,10.959460557315792,10.938240404359496,12.38390092879257,12.355474948991153,10.675062234587775,10.336726703210658,9.476584022038582,9.510357815442552,11.206668430801798,12.020130330989092,11.707347760442868,11.835155386316185,10.737656157049383,9.348001382329219,8.85847834656756,7.446866933933769,5.28068761751275,1.854095338425078,0.14485256078634307,0.2402248913876815,-0.7143586080212151,0.336143145265556,-0.8523607810724276,-3.951662247603508,-4.794942954054894,-6.447788887743541,-7.252644193195444,-6.7579763231937235,-6.995951417004052,-5.311002148641941,-4.13459917982135,-3.66659075381462,-2.414533635150036,-3.7062896375167305,-3.867565191913269,-3.711583924349883,-3.146374829001363,-3.208459214501512,-2.7125876257238746,-3.0321630247974456,-3.4573814787521466,-1.3671265372370296,-0.9461152882205457,0.0949487276870526,1.4184848292093313,1.3354430379746922,0.7717123157694976,1.8845253905014976,-0.21951831409934416,-0.33102242208481736,-0.11926432741196268,-0.39724411892496725,1.2885787918788,0.5702468981075302,1.200351935646051,0.14956066554496736,0.05585205411443678,0.5233970963923007,1.1612742967149008,1.6240433078215326,1.9785399739502563,2.987665034401533,2.11172498465316,2.4981631153563635,2.0496289989052454,1.8055973517905506,2.308524708428522,2.0549581839904407,2.5210084033613556,2.4061483890038384,2.438594429427668,3.4944977756965576,3.5519125683060024,8.157256667821265,13.658004933172702,16.712855607714502,19.78891820580475,17.65679210034695,13.919450893307769,13.597596433417317,13.126816008998027,10.434151431293381,8.85167464114832,7.631601399198027,7.77165582667053,9.694778786509454,11.355311355311368,9.341682850461732,8.852585047088231,8.598284836909725,8.786549707602326,9.442511236769615,7.641782611766362,6.25538811683161,4.606235721005254,4.7593813135495,4.6912932222295165
Delaware,0.8900000000000006,-0.11025358324145479,-0.27092113184828015,-0.3485708594761422,-1.833680245812265,0.09030704394943148,-0.5131300935707869,-2.0387767339596303,-2.221324717285948,-0.10025062656641033,0.07079288025890715,1.4588859416445694,2.839735646427096,-0.2609131961866584,0.35371399696815997,-0.24132730015083867,0.1907822070488982,-0.05030687191870123,0.6847935548841961,1.0180425360346792,0.5411906193625897,1.6810952285081555,1.5003000600120024,0.8581121532628213,2.860845295055826,2.5344025344025223,3.74458021284982,4.550850811238631,3.944180637658695,5.715940909529789,5.328647416413373,6.604844814534433,6.675368264031323,6.00968124942917,6.29452610695284,7.36729984022723,7.909456388743225,8.227793572843984,7.873080512428948,8.39120370370372,7.758969790232455,8.852093615666298,11.03421156114825,9.968728548547015,10.747839158211185,10.640631856077214,9.385182037115738,10.549313358302108,12.012215812690883,12.076145151695426,15.819465129832292,15.12641947424557,14.24416843380793,15.846897853267283,12.64117186626411,13.384196185286104,13.50763682647433,9.087206638497172,7.703380155854475,6.108814764971647,1.5231509601457698,1.773380623483298,1.391769205954183,-2.7494677718893064,-2.4621473606700697,-4.883528980190758,-7.9814553883914385,-8.220773171867712,-6.147966405586487,-2.4586607530251143,-5.1667078290935935,-3.608221263638677,-5.359207681866169,-8.851875648692742,-4.937757174852867,-2.995682847214909,-5.179282868525896,-6.414705563387911,-7.227001260204919,-4.949796472184534,-5.75350140056023,-0.6721131004113776,3.36640680368534,-0.30263233026894376,5.670807822623802,4.024966458612848,2.6168437892812157,2.9438717067583133,-0.6919052708556102,2.1869567655470066,0.3173719376391944,-0.9402470234783564,3.0134813639968403,0.24694067936125613,2.61974801576289,5.509688289806236,3.321236115693386,3.634771184585059,2.763805505976534,1.022037687639725,1.2080894092602352,1.1356433551658598,2.247368421052637,2.4765517968173616,7.114686859126046,5.959158092651588,4.107685180418999,3.8564376799670916,-1.9833087874324948,3.0806388012618298,5.067985166872682,7.035350034656901,8.239006310728247,4.67651699899584,6.338823529411765,8.31675840695684,13.631946693813326,15.641131058425842,15.099349471168729,15.411880257932273,14.191472899784186,15.6073474224768,9.15836825714178,12.117960482498336,5.02103986876827,2.7574660015034484,8.20330386390052,4.4883007161479895,11.04584040747028,9.383832673827012,7.773437499999999,3.3479675310318577,2.299483227838437,2.2891016871865113,3.382868188957348,6.89159866752239,1.9518756538633903,3.3107465525439803
District of Columbia,-2.430000000000007,-0.7474147640012326,3.130341880341888,-0.18691588785045962,-6.723378087526892,-2.4860738601196584,-1.647156324458721,-7.095297544735754,3.2304142401933826,-0.34909552523008386,0.4845165367600674,0.5711086226203864,-4.704630122405536,-8.885350318471342,-8.438155136268355,2.460750473221238,1.3850106109683848,6.850751485494577,2.953634802518618,3.2710280373831835,-5.728765010466017,1.8536691745720237,-1.0341376626264946,-2.725455119435971,10.143741965642175,4.271491275024097,14.19101123595505,12.851579402855903,11.352785145888596,9.620123203285411,11.049886844435703,9.058665644171784,17.656026679371127,16.29671255970779,12.732589048378525,13.377867627669874,11.297376093294464,14.004993154546186,17.071445413817482,20.001550507791286,18.11103834679472,21.029951963831596,17.818059751594507,19.561987208476,11.816165598817156,15.83493842292651,17.59644424183714,13.75695682714649,27.80165289256199,19.747052302731028,17.33294568008915,26.248040659288474,18.83083290222451,26.732589943193773,29.635747914429665,17.53263854923058,13.670004353504575,3.6423401288266053,2.194966549856656,4.215883991164896,4.190603855483211,5.561428800256292,1.7269865020729958,-2.0917803169922604,-1.3233266962781416,-6.303298837668048,-4.553672662642097,-4.683921568627453,-9.995964362214009,-3.4430264947852547,-4.713134491283272,1.9583964189322587,7.460421481047147,0.7849451544731725,5.074294956029516,-0.4099815992510514,-1.5310052638336058,7.525378598768519,-0.24691358024692597,5.393841166936786,7.10909742820822,3.0489692317216686,11.28005657708629,7.058497877837236,12.370663420572116,13.171728094680232,14.169338764191005,9.733114998994528,11.577522004062288,7.498142053296529,1.034866656545715,8.812210383014364,1.461165048543685,5.955408508431892,11.595001377375977,5.2522676418930265,4.011769771781264,7.046815650269152,1.7257242880545764,7.35152928267728,8.926148255479657,3.4024860134532062,7.478491065519519,6.403049273881009,7.831503378378373,8.816842105263156,2.5082101806239794,6.005723548600141,-0.21931112808161596,0.5107568487850151,5.6805894838011985,5.080234094770619,8.307003944502224,3.9825223283030597,8.027814092726276,3.582400603654254,8.633810472911756,14.503618962995853,7.706608671250185,6.275258000173458,5.4524226503210835,3.403065183652365,1.2359550561797805,-4.135589900935164,-3.484436290016445,-5.41580025327934,-1.756502436905865,2.0088867702889166,-2.33034529096541,3.223300328941931,-1.1575552171848547,2.964001401892553,2.9782378898974815,-4.7992697807741,0.5515984760642583,-1.0827457654591235,-1.5821031707237654,1.6652649285113503
Florida,0.9200000000000017,0.649350649350655,2.0080321285140563,1.6749750747756798,1.2782401902496947,2.709677419354843,2.194881889763783,2.7848597764267393,3.257998238919883,2.5415539234634665,3.1012231532312424,2.7571074222476635,2.605647148000758,2.4314390726604453,2.4287716020551224,2.153931854052556,2.086988641610482,2.44732726101757,2.0702234382124907,1.9449241116059262,2.324739936680242,2.020655590480467,1.8406004288777718,2.9419630917357558,3.359264497878357,3.9084507042253627,4.711352868924364,4.494673941283448,4.592884023263774,5.218569976279224,5.395894428152503,5.992043759323723,6.582713222667428,6.835748792270527,7.67151601876142,8.42911877394635,9.030228632806514,9.917853643831483,10.7206142941524,11.098290906468607,11.061853493772428,11.49125814192665,11.409709255801538,11.787615214851355,12.665526199074941,12.422360248447196,12.856886335069145,13.807920102194867,14.666516702283216,17.072370220447464,19.53858392999203,21.09183673469388,23.884256988719955,25.801326978787024,27.152934912817777,25.764725709951968,21.243072050673,14.68206804338136,7.599706898356548,3.028577171764536,-0.27754195781361124,-2.662175729507391,-7.192658170379741,-10.675381263616554,-16.384532268098624,-22.119447679254705,-24.35444984101471,-26.34874408445577,-24.720993068880446,-19.78040757038492,-14.665804425146659,-9.11427441676552,-5.1498127340824,-4.713212973318433,-5.2939265995453075,-6.6945834239721576,-9.515191400680045,-7.556449809970927,-4.200960219478735,-1.7951856385148828,4.200254560882464,6.426844014510275,7.093848815703112,8.665202682651787,9.888320148906468,10.799295574617958,11.693593314763236,12.065104593369384,9.681346601736196,7.926579163248569,6.828270736695095,6.8963836631250635,8.662709328700346,9.068883610451307,9.590064431786343,9.5700542561437,8.980280689287618,9.368874950999603,9.909679618268584,9.387483355525966,9.19797864536637,8.98446833930706,7.861074501899361,7.977023737066352,8.061205448777766,7.903968427976318,7.791274347732339,6.99665316188126,6.541184596788119,5.415015747231519,5.244382209775295,6.219749102762518,7.118545171642509,7.250706759187886,8.784490132099965,11.971481711097335,13.59055832955062,19.284109630073385,24.34478741991847,25.57444216820774,28.60720375106564,27.966250659166814,20.765807962529266,13.046737213403869,7.299995856983056,3.0612244897959227,4.778249655787614,6.187838839268306,5.563921386926124,4.689642041127189,1.4861838574152038,1.9962902426034423,0.28529626920264434,-1.382245421312046,-2.0242914979757125,-2.392956174151025,-0.34101685024436584,0.962691108939016
Georgia,1.7500000000000002,1.033306581059377,3.0275689223057607,2.067594433399615,1.5528255528255512,3.4951841922351408,1.8585190230612152,2.931437475652504,3.0291299719345743,3.290799194089986,4.002674818494457,3.7562683319140873,3.8887845200075155,3.8268623444176155,4.00477633875264,4.495714025168709,4.900542495479207,4.687779567006616,4.292148723836439,3.543066585216862,3.7752111704878555,3.7258588275508457,3.971547125074094,4.871470712178678,4.90863787375415,5.668149612786288,6.01889558560025,6.389134453106155,6.824479455308372,6.876656790893515,7.336559883229632,7.1234325426801695,6.692359000963463,7.068864896410852,6.241053535642713,6.318313236020032,6.105862739649897,5.464331947945753,5.3893829156561575,4.868342508456591,5.0212765957446726,4.050649266748504,4.116594221426744,4.414648029852628,4.114200224410936,4.066807400968591,3.9047151277013836,2.9741353201284126,2.784097712848747,3.621502296998982,3.95887497045615,4.817647058823528,5.184365352129089,5.504375863657303,5.899738547232008,6.700712722374992,6.590242011408322,5.861165684348385,4.545942464577071,4.31809814337559,3.4187146048734935,3.175585111867201,1.298834642435444,-1.1747504285570296,-3.617181612660144,-6.250624562806031,-7.662679910804787,-11.341258099076573,-8.871514203805047,-9.156318285988386,-5.504939626783755,-3.389342847278176,-6.617857347137231,-3.297154590789074,-8.944647731892884,-9.345404729287033,-7.760627220384656,-11.5573621306801,-6.914588250302993,-3.291721419185277,-3.061292250481449,3.0456852791878157,5.34502843829232,6.678442828996543,10.398684751335804,10.031953135401407,9.490665452416577,9.04343395745764,9.574336063539345,6.654970052634764,5.655893536121679,6.745707277187252,5.056911489891844,6.727551194055257,7.686684660368864,5.941894183947029,5.58969383354893,6.446983789529629,6.34953788313926,6.86877033517534,7.274490785645005,6.865388456161374,6.510531742524682,6.659256753491519,7.637765299324266,7.61108255851983,8.311436869036095,7.439626659417329,6.185065652769799,6.026398054880165,5.26898195437521,6.574452831780038,7.710883504038629,6.805896805896808,9.104875879356356,11.566160177271284,13.48279860842675,17.22643969020781,19.91773512191507,20.54264940592304,21.503508413379656,22.02452984464431,15.685547418188555,11.118957248359674,6.105800229878621,4.376959982845973,6.426797018991907,6.442302600222417,7.33176570054691,5.8548610754455375,4.241648470245709,4.811064951864468,4.160102402520672,1.3390907767696816,1.0377290347434576,-0.04272185697671821,0.45375053173890817,1.8959161200746915
Hawaii,3.069999999999993,0.2339062341096349,1.9580696202531545,2.570489189997009,-0.979916561560096,4.829545454545445,-2.85160038797284,-0.9130645944633295,-2.3711542230060765,-1.7808749516066487,0.9484824281150189,-3.127144397608089,0.14050582095544015,-4.523058730784394,-6.398971417268321,-3.663226067597643,-8.32832230907998,-3.024047889359074,-4.945054945054952,-6.638655462184881,-5.717721657374007,-11.004682843763293,-5.9137394397509935,-5.929342934293425,-3.235157699443405,2.8222913178665383,0.3071833648393255,-0.09568233464896339,1.186339125224679,-4.268434519655736,-1.8374558303886952,3.244343349694713,7.579346281383239,9.318430324383431,7.955363570914321,7.884972170686471,5.823425803610735,9.335407868415194,10.603534511503842,9.533533963886489,7.708311661292012,9.392152876600946,12.350517535926029,12.50122657246591,13.782113192968895,12.386173573685188,16.073345259391782,20.924552987352797,20.439691027926308,26.258784621744525,27.779918317022407,22.641373341027133,26.139967580520125,27.48346539191932,22.825955855747193,21.008057401635007,20.49390993407085,9.821245120197249,4.291255462267398,4.277035236938037,1.5348233330242058,1.1085126286248719,0.353090720775858,-2.586809601491499,-4.90478147691465,-4.820280334921584,-7.843873146931882,-2.9904306220095696,-8.197666042357007,-12.306196840826242,-6.785787008755846,-11.186189889025897,-6.805817116551576,-1.69040625173198,-6.203921140298188,-1.4438829344143913,-10.238563008700538,-4.4706280302176165,0.23289665211062924,-6.863131796923428,5.803264336189107,4.372971377987622,2.300319488817896,10.436203037086333,10.367042969442634,8.29469637001017,10.436658906365338,7.801029911252333,8.434638247737375,3.1901007675037776,5.9540336264075195,4.792153674153881,5.274595021730545,8.227079538554959,4.47906051341778,7.041365598176606,3.570088196659792,1.6690042075736296,2.0343706456107733,4.530421782267929,1.2184626534402307,9.008139053662575,12.486343772760382,6.895505569280109,8.07303320504788,3.994769256728254,0.833636841892264,2.509730781706141,5.304347826086957,2.8029043118484553,2.476221053898951,3.8365700272910495,5.68204160276827,6.987847222222214,5.666953865434323,6.711613910791151,7.303914272957283,12.505992992808418,20.862829398465593,20.963769409245057,21.02014632962308,17.947289057890252,11.668199938669105,15.999763928234193,4.813615655711874,6.2671965759706545,0.8485514211176801,-3.335029254642588,9.79196850824198,2.0033476305052744,11.020041389826808,3.276402010579223,-1.8922889226402468,1.9998974411568666,2.8721395109268935,0.6421363775354149,2.0328401390757174,5.816701020562061
Idaho,7.180000000000007,8.252330886728831,8.215573530844953,8.398326041468517,8.509050195932067,8.402052409748947,10.680835734870316,9.055014477494083,8.78761822871883,9.466655396838803,6.851098454027654,6.299782766111512,5.63547265254506,3.721720330476428,3.0383795309168518,3.3303057826218634,2.3718668163112513,2.0323084940072875,1.707190894981895,1.7726340462935741,1.4837012132729142,1.5905442871735054,1.990989681732313,1.4034835180653438,2.1173928700035995,2.5136455041654697,2.2513536620119665,2.271275463127275,2.6377036462374,2.9073840549250227,2.6964882943143644,3.428412797557081,3.2914175771318575,2.444005718564915,1.7911662935070325,2.9658458028584764,2.993613624268228,4.007177033492824,4.532426847963748,2.7696318018898665,2.2800671747836203,2.5365791323238125,3.1754128674360707,3.887127457197225,5.108935901484057,4.330757726819552,5.679500648909213,5.762070438869558,5.821917808219177,8.929104700471832,10.48538011695907,10.925145726323066,13.609265883154487,12.748108345213291,14.587413327687504,18.543184183142568,17.701149425287365,19.291932111073294,14.970668391149704,12.763342696629218,10.045855978260867,6.693844272319614,4.298915226998801,0.7356375525455341,-0.20063276487382584,-4.863976769066184,-6.020801232665648,-9.408446350604688,-8.86878527797109,-7.297481826579387,-8.857646431938347,-7.758253006909493,-11.522144917698963,-11.65843514426826,-12.124482820651199,-12.85892634207241,-13.856923667050253,-13.231327546466574,-7.354145342886389,-3.1943117903003344,2.2653901814538533,9.619623579946861,8.915649339888407,10.030695023021273,12.2462308822729,8.032998195411196,9.34219201704114,7.646707183421338,6.841875575813419,5.679377654751113,3.418525905654253,4.646212226387149,4.170826903875827,7.054148037754597,6.6514172945819805,9.57856100473179,8.966148215919494,6.825564226956329,9.979393582572854,6.957504338351016,9.08000479788892,10.03830509813213,8.706791067604787,11.655284307436911,11.13554724726926,12.617979544231126,14.228428717155012,12.310759664774265,13.61147757255938,11.822440330136077,11.16893514811849,13.208966451030532,12.85453014776322,11.065515374312497,15.897066563253093,20.467774086378736,24.380707395498387,34.94894031918716,33.620936902485674,27.789789524776076,24.782329948503723,18.07206008175681,7.888099880158103,2.4653844825800166,-2.0352691593741667,-3.6199677938808406,0.09615862857901436,2.144903117101941,4.028219530351212,1.2881775045111337,3.8409937888198846,5.586988436731934,2.789116752589891,4.356432377150581,1.6030242128433267,-0.8951726292766783,2.961837858363399,3.6150101163378863
Illinois,3.3400000000000034,3.8438558056164105,3.573896732155188,4.1361102962745715,3.812657247919487,3.9029535864978837,4.7278619769326165,3.8215962441314493,4.996271439224459,4.983848638670979,4.195867843815417,4.341141358415494,2.947443181818176,3.0241758241758223,3.3106219426974075,2.9903787813122897,3.475336322869956,3.1231333731547033,2.5281136382852876,2.735229759299781,1.9668305692141008,1.7873396772859005,1.9462312386607283,1.7039403620873372,2.378422558234582,2.3981790098365896,2.9768645850185993,4.075714861055177,4.382883602107611,5.112734201333766,5.498821681068354,5.394319325129633,5.6902485659655815,6.087613293051361,6.411020104244218,6.528124541048602,6.990375569867571,7.012672647016941,6.773493807291307,6.645067898256025,6.499830909705792,6.486594371631961,6.586276951307414,7.090685799237281,6.846183157627335,6.99737598400599,7.021642892277432,7.242877836793819,7.085116500237748,6.895947681887191,7.049293347121688,6.207789284106259,6.671847246891657,6.767902987928124,6.805130682123103,7.196227014996547,6.832136538661669,6.113782871175681,4.47213707853877,2.7781897276187673,3.204909648823722,0.8533821898654887,-0.3270645952575667,-1.2793997402722315,-4.6627967341545125,-5.5024380915957645,-7.0308353037687565,-8.087697929354443,-8.613434978466401,-8.124652198107945,-5.854873871068204,-5.290219984097544,-3.770109961540549,-2.8467595396729344,-4.8186128569853395,-4.220070521072364,-5.899240078806653,-7.37927907503968,-4.929332715477289,-5.878571845965057,-3.5113955853322825,-0.8505690857912045,-0.7554986900627607,0.794685540448253,2.1636701797892,3.536382151453428,3.7080238197556765,5.395749923005864,4.247830572243461,3.046018121125426,3.2084295270230196,2.431184618081933,2.7708248442866403,3.089026436050213,2.672784628620589,2.584583785017402,2.3279524214103566,2.491442679984287,3.5193564605329373,4.43270300333704,5.003874681722569,3.5641938133041284,3.178457719497051,2.742717153964945,2.730627306273066,3.5208289278917304,2.955020920502095,2.2911051212938087,2.139778325123161,2.430803799407629,2.1844043688087433,3.0404378230465188,3.2353679979904535,2.442915544919721,5.712155108128253,8.198091865840459,10.11241422940289,13.042631886314975,13.007900677200915,12.117631016771965,12.657444645777163,12.041501635956603,8.747399084477728,6.903960757287065,4.6604684006119905,5.121998078770407,7.397061074544614,8.494501327265844,9.404400464785027,8.052489217048041,7.001603420630692,7.340090877315624,6.228587090585174,7.107337370183685,7.299367299367304,6.359492022142615,7.298587370186414,5.609247678605265
Indiana,2.4099999999999966,3.829999999999998,4.253627509441464,4.367113564668776,4.560101552582757,4.372532023499958,4.604385128693993,5.280060451497109,5.220395965633175,4.826058872381646,4.556639023056594,4.1180692625157045,4.712878317209552,4.154929577464788,4.697986577181208,4.075829383886259,3.559925411086627,4.673766058147398,4.062604062604059,4.189435336976322,3.192011785889664,2.648364957610013,2.351999999999998,2.4396058486967522,3.0377538071065975,3.130653661606244,3.149914022197906,4.064851446745799,3.864213686398284,3.569521775608251,4.394938243540207,2.773015281401415,4.165122656192103,3.8147138964577705,3.019525295782824,3.126133313991443,2.20562077552472,2.4898914662694125,2.0643979426477888,3.383035588690394,2.7010093978419736,2.401716500553709,2.574899903354956,1.4286686169127112,2.3046160103029933,2.507603920243331,2.8804091796217786,3.588436514856794,2.74299344066785,3.639720427271535,3.6501602668934283,3.0562030562030555,3.4049139098471666,2.7039063494083213,2.4928999684443154,3.3865292787132537,2.7751792952915606,2.7937805860125073,2.358374384236443,1.2215132178669041,1.8628640776698986,1.2655176569844488,1.0647897491427603,-1.140730067243039,-2.1206886281050825,-4.034753630088075,-3.797619047619045,-4.700595165796192,-3.6272898788874732,-2.1332010417958562,-3.223610939240198,0.5480499617639649,-1.2693400694663661,-0.8934228868330989,-0.13426251518445623,-1.8760299150716235,-2.328258922860442,-1.5280352918611255,-0.9475032010243214,0.3552512595272002,1.3097576948264573,1.279054668224905,0.5170630816959743,1.4288472678123183,3.6780866192630888,3.1219949996794694,5.079732510288051,3.820039342597887,2.6747303447846007,2.5363670272286356,2.1233631134500057,2.5609681559806843,3.2122905027932913,4.031769128167822,3.2656240637545797,3.8796185935637606,3.341766194034245,4.388367620490706,5.47754438899849,5.691010269060862,5.687446626814677,4.912907548012496,4.912531631642649,6.014221353742612,7.250592544710196,7.705406555981279,7.503539405379897,6.3898417899749065,6.6599698643897645,6.151185770750982,7.111501316944681,7.165888637566782,7.63797325296666,7.637886897835698,8.98907103825137,12.394467397161844,12.91889054160469,15.947418490011241,15.856104286788675,14.591657343774974,15.334547286040829,14.484970537778786,12.088427278300689,8.866806136680616,6.244751251301682,5.6941820314026845,5.842797850777011,7.209428946609868,7.629315796130029,6.299697959686864,6.784813204851503,6.473681065901898,5.2466143767809275,4.702812409394035,2.9405903953998074,3.2855419320445494,4.050018142741505,3.530682321665928
Iowa,3.840000000000003,5.34616147589764,5.591101486366761,5.584200797742966,6.914483821263475,5.846907070897287,6.935769553463222,8.58748733069197,7.106827598630878,6.760362924746481,6.032603957806645,4.005091217649554,3.944159448322259,4.457590401599741,4.645235550439864,4.919637758015829,5.372168284789656,4.6582116933875755,4.030483972344435,3.5692068429237973,3.0021498771498742,3.117140461855044,2.832112378219168,3.3561078159020936,4.032799105478939,4.382852919438269,4.795828437132786,6.123783234054923,4.965606190885645,5.494583303830645,5.291190693110948,4.072831816003825,4.812615195576478,4.00698033425062,4.326411075612353,3.387266508813474,3.8231079848899343,3.6783686112545095,3.1899961720045935,3.9760799033017364,3.004830311774664,3.261546122245742,3.796216149375532,3.915810083210968,4.378806333739341,3.9361060880048226,3.788420300214447,3.2854451248233536,3.623315245930339,4.343791683581732,4.120752984389335,5.06213658647818,3.8344594594594605,4.796576256113842,3.8253775768934113,3.3586543678784575,4.517108616669384,3.0071599045345994,3.3977489912932555,2.5618142684655334,2.21541973643249,1.7763361136855054,2.0178681454097385,1.0032246506628488,0.314704837317905,-0.7638994283401583,-1.8722633247772908,-0.9527187959256189,-1.993624449729291,-1.5701468189233199,-0.19490177976098655,-0.4962906114095671,0.20651556611079855,1.0824528692769706,-2.723675420114092,-0.6684491978609539,-3.003761141738375,-2.6336014756366177,0.9826192614506913,-0.7609483383373015,3.309253160522691,1.9733726253749406,2.2233847763536487,2.775024777006934,2.0515193583217544,3.6587883166477466,3.2855680655066464,3.507080140080189,3.0532043530834354,2.155623039776962,2.536914081855121,2.2506619593998254,2.97252371174343,3.503898635477582,3.276311974485359,4.41663070061862,3.717595669926875,3.9267385470125733,4.6696612390042995,3.3664002939285314,4.2526894026093025,3.9550582159199106,3.544926240500674,4.109832496556627,3.96943883375779,4.863592783055869,4.576263869101583,4.314612495732338,4.0543964861897095,2.4145956279611016,3.2820047062709063,3.0888188847522735,3.5757772546472935,4.475916081645892,5.300183867615313,8.250654813874114,9.44002507935263,11.823195836246407,12.184937746735509,11.038603952047518,11.765969636207396,12.469607502605085,10.337010218582916,8.405969360802953,7.256359325943499,4.085855466337233,5.286883989082772,5.78973015776331,5.37053078048925,5.735394475269277,4.6136370256022,5.041024902835754,3.7758312781699104,4.458974071163987,4.215274104184644,3.6753823384311706,3.6684968177224198,2.248488918737409
Kansas,1.7900000000000063,2.011206724034426,3.9481615430982444,3.43322087715816,3.654582964927791,4.698381559588025,5.228568667246542,6.350729086722952,6.691308880674805,7.654112797451754,6.236223365172673,4.9341511816705745,5.925202096473307,4.394743712470627,5.135298694562114,6.043153098942664,4.377725595437772,4.9433144381460545,4.218403091850996,3.1533722438391707,2.9005302908564996,3.280641830169203,4.00031560675399,4.785854616895877,6.035761692824251,4.945393016458989,5.174114255367569,7.0946452677366185,6.67157584683358,6.9695859289117035,6.2324172257087325,3.4663865546218404,3.7553499930967815,4.00109619073719,4.067359272085272,4.392554991539769,3.7458416500332636,4.30171277997365,4.293357692809613,5.309906639004148,4.521259539536961,3.72639423987872,3.7224724724724654,3.096718586468018,3.9636765247269654,3.281982585398536,4.270462633451965,4.048728054460767,3.995514636449487,5.223440632000934,3.6270029501937766,3.925619834710745,3.7966063220021553,3.8267593007619976,4.197834096237585,4.075546719681906,4.937124111536359,3.62095947331499,4.028715311261122,3.7779900244083646,2.9958839160110458,3.4423497552338223,2.688227417859717,1.2782493097453727,-0.313638203156619,-1.037104163520114,-2.337011033099296,-2.0900646203554194,-0.8220846442707828,-1.7652744569364598,-0.7599876758755356,0.46921728369598675,-2.3076135898485424,0.24339720352149086,-2.0852737245161963,-2.9509879394405956,-3.3363012622427095,-5.073100170480959,-2.28822068382391,-2.0994182971972495,0.6881231035977515,1.6870748299319696,3.1097890751757706,2.8196402527953324,2.02335467900769,2.9435375970029436,1.3847364280094343,1.1347517730496435,4.456986127960329,3.337665713543029,3.63184851777123,4.882863227884269,2.792365178751768,3.0688735724706917,3.4396685138035976,2.9864791243623405,4.470206808468829,4.9787670229901835,4.662162162162174,6.2277580071174325,4.057930126487057,4.672897196261688,4.6988840726736125,3.8661777355244786,5.793041120650697,4.908493248045479,4.4747852895837905,5.435208996207993,4.5105074320861105,4.352796714231275,5.779688883267982,5.341050020669693,5.2272355729933055,5.778048285656324,8.695998724693139,11.082332626952363,12.424748514390007,16.2606927768614,14.372662609078239,12.877128523987844,14.592689836246809,12.580836742774185,9.761492594729752,8.33463741353948,4.920108531805846,4.90606957592099,7.362948684248967,7.82631305252211,9.513821044767546,7.017739907808354,5.557671381936874,5.594405594405593,5.124235825046579,4.978202417312761,4.58727417983146,4.044556088401714,3.0200169719961973,3.3346595712935856
Kentucky,3.1400000000000006,3.022142429682826,4.959584871769298,4.991631387220644,4.188481675392664,5.847613515345137,4.820308043354244,4.45423855963991,6.262795458775362,5.469678953626639,5.895691609977324,5.583984199658855,3.949557754619498,4.206053247766884,3.9057815845824435,4.770002550803502,4.1027801179443895,4.1028628495339605,4.451405490066764,3.7899691608505126,4.6613255644574085,3.933168118954343,3.6066608791729204,3.049495660333092,2.7217196319492625,3.9073917390970028,3.7248628884826216,4.894149783746883,5.555137372977039,4.922644163150496,5.610633766615272,4.87557870370369,5.084504029095076,4.409482150416255,3.8523051248174625,3.759139191612648,2.802660152008683,3.5069937157916056,3.3679276866421164,3.6894236521970236,3.406165423460292,3.446925186055622,2.953750485814226,3.5645595589178116,4.060006383657826,4.114603054398574,5.272429847741283,4.345672898353356,5.502729893871542,4.449024124136261,4.1596939995218785,4.971523493118175,3.4945923944644837,4.416202414113286,4.487032361716774,3.9504916920990216,5.1969211753469295,4.029344745178681,3.256452498627132,2.5553199586799265,1.6556291390728446,2.3293086868255077,1.334893368079557,1.1928113237555003,-0.7092571188399676,-0.9606348543385212,-0.7714915503306387,-2.3889354568315184,-1.4286470183607687,-1.7501317870321524,-1.316972549849252,-0.08587376556461818,-0.22008696118954135,-0.8584612082841477,-1.1094436702754966,-0.2094972067039033,-1.9636324510436873,-2.1809719666630594,-1.3820389138799973,-2.5300102277009295,0.4554683641551954,1.8755186721991626,1.1431083754671267,2.5349312420610834,1.9884190975636329,2.291734549799081,3.357965659639213,2.5638263492405424,1.7675415104445695,2.2669356551284676,1.8031752707391477,2.510240520953682,3.989473684210533,3.3120490058661662,3.609604957397356,4.969262295081976,4.357728515031878,4.597758906587612,5.4924242424242475,3.811615422157151,5.102090305058446,6.053036126056877,5.716715487101953,6.341967937567571,5.924968852383371,4.4754484508063035,4.174115123346445,4.9823165340406765,3.9817033326072693,5.614810960804725,5.07507507507508,4.244746704846934,6.045498345133859,4.819573874132767,8.051279957538876,11.258331650171684,11.263432364096076,15.070692828888102,15.915359909314192,14.040374700457466,15.953556084223985,13.975017868690651,9.055644293770587,9.484542647012011,7.38302302792749,5.551408009078142,7.2724555372888915,5.853786204489937,5.3012804060797825,6.456176087817574,6.3085153811859085,6.563006510810139,5.080431132535339,4.456787498671213,4.031243447263576,2.8383604021655193,4.76779547446008,4.251367510494843
Louisiana,6.040000000000006,5.085243974132861,4.73663901215512,5.7946069994262785,5.488494907582038,5.557109557109551,6.567191673574661,6.968546637744029,7.563025210084027,7.781998056708773,6.6032843560933445,3.379805661174483,3.141622340425533,3.982953614161613,4.167342305821296,6.399673069064171,6.43835616438357,4.973203026481717,4.483188044831896,4.370871101551696,4.050268756151105,3.7089871611982863,3.6650774731823503,3.672628247589614,3.8998835855646203,4.474046188373277,5.267318194883596,5.501916796819536,4.215686274509791,4.240870348555196,3.775001706601134,2.8060022878675643,3.8435694127133444,4.0949278734295,3.2561505065122933,3.0763188899070486,3.0283421767827146,2.6502330927900926,3.669490985538632,4.889509779019569,3.510865469162168,4.305088963543603,4.123394579979111,3.989587117084395,5.934105940173534,4.76559704163188,5.512275731822476,5.705303603656041,5.240849991408446,6.888699117563332,6.359771786553309,6.05826953791926,6.3568085337977465,6.13049267643142,6.621088614251907,10.99340499558603,12.245420120765536,12.104787714543814,12.25707803097563,8.089267334144283,6.5192614542967915,5.345151759333869,4.130234193066482,2.0257109466303107,0.23967472715600352,-0.8924018357980599,-2.7385121735094344,-2.749140893470798,-1.7548354041245093,-1.8609038675928322,-1.5314533622559658,-0.46678008986607045,-1.047370708387656,-0.44127927298147107,0.29959906595585617,-1.1570827489481006,-2.968949009618337,-2.44876464650898,-2.328135295409625,-1.228272437034414,0.7649481736296554,1.3675828872194074,2.738925118057119,2.8956228956228904,5.035486479202231,4.7619047619047565,2.814743477499565,4.053228621291457,2.2837103878886262,1.8893501652122378,3.8531953846808795,2.7380602960291838,3.9553455700965876,4.170131382005655,3.693834043948844,3.8364215166108795,3.3423158910831363,3.0333266813011237,2.423595461194795,4.04449335744045,2.7438312446485607,3.319775324423804,3.613062610978157,2.115522647425493,3.056933974771769,1.9646070785842649,1.7360852395499469,1.9570123191890867,1.9517753436741903,2.5812619502868213,2.790391094184856,2.8447024673439674,3.1149727800410956,3.953688436447047,4.937655860349132,6.2905729607677054,8.059158770672358,8.903141270990654,10.500407387289519,10.273176884522204,10.878146638193233,10.255517208624907,7.4718117300070634,4.7468544940099875,1.0242792109256422,1.1774165757279782,1.4607930019153292,1.7615448719790785,2.0595626678991295,1.4617393278837518,-0.974867575791738,0.5506607929515387,2.213291067587454,1.1301647690715202,3.374494963865024,3.4150588367455907,1.3069723652877077,1.6348095488368304
Maine,2.480000000000004,-1.6443784051510615,-0.48409405255877785,0.2564608404024513,-6.869633099141302,0.060429046228208334,-3.1370991760151004,-3.463203463203459,3.4471919530595203,-1.2481127327629542,0.6354412216869987,-0.5401549123522229,-1.4483946115669066,0.16308225461216652,0.2749770852428924,0.6558048980428328,4.964028776978416,2.493131169227641,4.082876294942119,3.451084190165937,-0.09791442279447207,1.916203335980944,0.6147540983606513,3.995276520370008,4.1556404978927715,5.182659522649774,5.741441179323055,6.6805450416351135,6.681095323233283,7.261276280448276,8.75905714023663,7.335462125243933,7.947428773044008,9.472411708833432,9.27643784786643,9.635567308486886,11.946396470011445,9.9621391386654,11.92313628646395,10.537423682822054,10.919708029197087,12.38792052220071,11.211473488243804,12.874190248891914,11.64780205317188,10.40975236150115,9.634819269638552,12.372379629070252,9.21254273252387,12.203017515463314,12.842843408923812,8.999516155045432,12.904096281504668,9.850592478104073,9.075874511376172,8.503082614056725,5.066921606118558,2.673295188068656,0.51458764070756,-0.6045729351334208,-0.7006369426751685,0.22839393385711676,-0.19198244731910952,-0.29269185036128526,-1.3882525428388166,-2.4838209825904607,-2.866956720860999,-6.0499036785615985,-2.267341913302047,-2.374164602514377,-3.9794426894243,-1.0545330273885782,-3.6653197052531534,-4.839867873043222,-1.2374171372452787,-1.608526175556319,-3.6517962889853814,-2.002213502364418,-1.963903942723606,-1.0932250137906858,-0.4968244212251582,-0.27207392197125313,-2.515468100213007,0.207879125893625,3.608380089566063,3.021567920934769,3.938195817292682,0.055656749645827584,0.22853736089030602,1.2041570900369867,2.652785424695937,2.9481668773704235,1.2094775453554067,4.1866205875092515,1.784582378467988,3.2960015718636306,4.4911352727985046,2.0471023077287556,4.498203592814365,7.247134908935285,5.1464729318022115,5.823078709078241,6.637938938296515,3.768899924622002,6.472607319573834,6.669884593444213,5.824950563150195,6.990556766226545,6.778312748586979,5.931959356616886,6.812365438518102,6.569751188146487,7.340025094102885,7.153120267174097,8.747242716969652,14.180782491380617,15.608562244301586,21.98021237270321,23.672798489193536,20.34921885256663,20.920092261998793,20.95489928100304,14.452959307751042,12.896803752590822,8.756205905408935,6.305421139249824,10.923061718634179,6.498055414643568,9.723456908772022,6.848745320948297,3.8868470876489565,7.702950983283049,6.882280809319437,5.942649539379776,5.293739279588336,4.02038624349768,2.8231341296019283,1.11247193304757
Maryland,2.780000000000001,0.10976948408342425,2.387880004013239,0.9903931860948796,-1.8486086787312763,0.7974481658692298,-0.2939735423811829,-0.3432382073158716,0.9912767644726409,1.3053797468354362,-0.04914004914004634,-0.2460145640621925,-0.4220651747153441,-1.6887934400624793,-0.1081612586037359,0.39459406135936814,0.6801379990142905,1.270976069903685,0.6102962890048138,0.3733909796600272,0.42099079694536184,-0.0294146484949516,0.07827022796205117,0.8810572687224585,1.423418153456184,2.5205963122793325,2.6493303353211393,3.454633672974287,4.3256752859751995,5.051181479001245,5.73333333333333,5.993809211143421,5.473141066986085,6.866405609689457,7.503152585119797,7.185840707964605,8.884423866515245,9.16063059224542,10.146627565982417,11.847754293262874,11.585365853658546,12.412177985948484,13.585881636999837,14.68221746512144,13.689962611446644,14.326388888888886,14.76024645057596,14.559732234809458,17.467746015684295,17.548441960760503,18.855042016806706,19.535902910439383,20.017228383762237,21.646341463414625,20.73943143320077,18.937720329024675,15.54369280459358,11.32917038358608,5.746004635842391,4.038887132469174,3.606786504639523,1.0492979242979243,0.24227041993539278,-2.317100964825635,-7.352169676984188,-11.312917720802016,-12.130279663942916,-14.870119769793138,-11.345251577414663,-8.485545195214376,-6.334861383977305,-3.7913393020281307,-4.557689675623893,-2.670512701218949,-5.043348559709142,-3.0671351248694365,-4.928298279158701,-6.333652007648184,-3.2201060278814073,-3.810736677115988,-1.357534315450746,2.755805052309266,2.013593020896733,3.992259904267239,5.968703807533517,4.613856468835357,6.463481330482772,5.082753892860638,3.7518037518037435,2.4971515381693976,0.4623359641339416,1.2488350419384933,0.6583217431618062,1.5655396016674366,2.273149869840083,1.2196244477172338,3.426676492262342,3.5342940532652314,3.013499386391526,5.106170145046146,3.3621303883149323,3.316742280755848,4.8623367454994755,4.057795466343657,4.424626254792978,3.46180081855389,2.6802995876462195,1.5298910784069206,1.0520670022279113,2.060326355694742,2.5447690857681464,3.320776349193356,3.878659208753521,3.593346253229965,7.269021739130434,10.371339119407121,12.91514365444327,14.467222698573549,12.47997615765749,10.876122082585285,12.050541264923945,11.024855294518215,7.564667306991677,6.075326273519217,2.0254108291137216,4.1983562315996075,6.342950395664632,5.309113112501904,6.412325305240082,4.026253053536218,3.9117468222486003,5.803907926016113,4.609573950613755,3.298910737020802,2.0675434685688856,1.0932704953967582,0.9190371991247146,1.0325655281969766
Massachusetts,-1.3299999999999983,-2.400163415381467,-0.7436480066102034,-0.791936645068405,-3.7397385223472157,0.4081205525324409,0.27055150884495854,-0.26954177897573184,1.905664350389558,1.010943199583115,0.6745537567455434,1.2370062370062347,1.0538278747804484,1.3516302104828748,1.9791774043913013,2.320566793305273,3.2103056947142425,3.685228545250932,3.9320731830587143,4.415454089312585,3.4868746904408083,4.62444771723123,4.726706866368424,5.71840461316675,7.552407389681248,8.089339339339343,9.741827637444274,9.818181818181817,10.484158063367747,11.01753776697343,11.542692730811543,12.135761589403984,12.912840341549852,13.75615859857668,13.656020028829374,15.000738225306357,15.388456873796121,14.732572528530163,14.792069955276682,13.243035049428679,12.235686904909107,12.744921804781601,13.62446938419492,14.018479678022782,12.978571035090619,11.442389455782314,9.293756397134082,10.052699612210416,10.28329026281145,10.18169679050026,10.779172129612292,9.138959161546795,8.586081881687146,7.929362880886435,6.057147687885697,3.6218386522620967,1.2337133550488604,-1.8567532884183606,-3.642740424853528,-4.537828553167697,-4.7540522060893675,-3.2443917786948875,-3.5612358853455817,-3.9877814043016158,-4.294582154469835,-7.0526626969044255,-7.089552238805971,-6.254085857485289,-4.068125661842569,-2.962424462719801,-1.7079813506901114,-0.9112040911204128,-2.1847116180664155,-0.7678981130308501,-1.1318273611045866,-1.2339307497419516,-2.6143790849673083,-2.543292596612096,-2.3940718221546744,-2.5604484347536873,-1.2360581333590854,-0.6342597075627008,0.8419310881837737,2.0475819032761255,3.9794671229528165,5.052867514495934,5.3665363640750945,5.240779667494745,3.709624335887919,4.67996289424861,3.8107452022168244,3.7042080893367824,4.764711215885389,3.908015419380563,4.306198985219497,4.618078354125634,4.734086286728114,4.39213679587225,5.342413603485468,5.811715481171542,5.6191381233731335,6.8706343695110474,6.577256665595899,6.287318597018481,6.7715056918202094,5.882352941176466,5.421595961118222,5.096915807879753,4.9974353337729855,3.862537000938577,4.345806082698983,5.3630216998831735,5.698234349919757,4.709439733073806,8.319347878206653,11.31568337589034,13.51556567957479,18.68755601287882,17.093530639347374,14.78027284800194,14.477242983859231,12.965293508963285,7.7743573125945185,5.188145888663904,2.8961207225059007,3.196098333869722,6.94545363433639,8.802059897005158,8.745031232254405,6.674023606179842,6.025818241454449,5.514325758794201,5.376319673061643,4.713713848783335,3.380841895923105,2.4758835441935423,2.615646478357354,3.640307546926676
Michigan,3.719999999999999,2.9978161604129543,3.42716049382716,3.561643835616439,1.7643655996914753,2.978026214340776,2.9793735676088664,3.136810279667416,4.661297963050689,4.754328497894257,5.341246290801179,5.688897031879817,6.481397664524302,7.227731617975511,7.8080985915493,8.42506717517552,8.475728980702202,8.331944675887364,8.124438638033794,7.4826125189863175,7.108150470219431,6.6528226426703405,5.950762724663967,6.039419858683529,5.824248189068566,6.035912598254853,6.5146115466856624,6.824717682541922,7.045564544008849,6.950489662676822,6.919164882226983,6.585686145764938,6.782069500064591,6.975709016914664,6.765552634872951,6.289656871804336,5.7403822888942715,4.9634429055459925,4.836156867342751,4.6424017619102935,4.273210914707396,4.253029788197979,3.539476627152753,3.8438105787870382,3.6208031599736636,2.955076321364549,3.5912944861478677,3.0774974665315384,3.1819144430326087,3.324012029757828,2.695235116254831,2.6958501500569225,2.3089948175894097,1.9302456212020636,1.4670795471851292,0.141079256310778,-1.4444054365815715,-2.1892690746956585,-3.5271162697618488,-4.36226415094339,-4.3814564144318275,-5.618725670969063,-7.218793756158282,-9.564393939393941,-10.80361894624801,-12.563086774841267,-12.503493376558048,-12.705061082024436,-6.921241050119328,-6.721698113207555,-6.158170435671385,-3.272024523523921,-8.237179487179484,-4.7042384722869075,-3.3764465622872755,-2.487082328625569,-3.6395389451624225,-4.775869291998327,-2.515147245314917,-1.561396071781814,1.290416122952009,5.528669892946174,5.629833056298325,7.019306681978038,10.084454623532782,9.519177320733755,9.715380405035589,8.711689356850634,7.398738703595342,6.166730110392081,6.4854078323771365,6.853793954349176,5.720685271505532,6.698936297358675,4.977746544858281,5.715605334564982,6.1497938616582735,5.219826379165496,6.855963405109907,6.356834689530875,7.223001402524552,7.760685580454561,7.501957713390747,7.661103979460841,7.918700005030931,7.443813287231427,7.211538461538473,6.82501073114895,5.813248799589762,5.751195292386903,5.480817140009962,5.696937226538093,6.366199665168745,5.090640351258536,8.47253832610469,11.25707527245078,13.051402062709682,17.088607594936708,16.211401425178153,15.084095827480171,15.398988788744791,13.414591061649874,9.23181740759665,6.344022169437852,4.0067307997586905,4.43897576474986,7.397473881178865,8.76376609275632,8.13211636496842,7.916007993557438,6.748555332926796,4.965772960638895,6.882533946870676,4.61291838257649,3.979761159924919,5.744409119317407,3.364940175906608,3.7992073976221916
Minnesota,1.1200000000000045,3.374885983581634,4.278074866310155,4.0834664536741245,4.1831487341772045,4.696078431372555,4.547653604257381,4.805755395683458,5.448504983388713,4.8319131004775695,3.9611291068949575,3.8348892549880995,2.430461787739673,2.9745422063421154,4.30873319683077,4.60996033494932,5.316811670621317,5.3782095766828615,4.292907740889307,4.499494438827089,4.405874499332444,3.539677313137963,4.12438625204582,3.4268666344138157,4.156010230179019,5.358562569565916,6.530965105312808,8.232634287050754,8.724677716390428,10.187141563537578,10.136481003319792,10.156306273860112,11.242854118145251,10.902616079989032,11.280058945676204,11.848558163865823,11.559446770714375,11.578362356428308,11.484981640883653,10.236772873428816,9.508644222020017,9.303226520560075,9.070784514874997,9.397539244802715,9.40486082260074,8.46075949367089,7.856046730359886,8.275159976730654,7.547348934352308,7.3385929695158945,7.517899761336514,6.30400716364451,5.980491680275417,5.953985995737832,5.348757790489201,5.3194625784441705,4.143761452607024,2.499794762334785,0.5105555330442965,-1.1517235863392767,-0.4278801935458045,-1.2053982619839092,-2.205200564402338,-4.256007767618743,-6.566265060240961,-8.532630725577619,-8.64869321460962,-9.583368545592837,-7.019127444659365,-5.610458674939063,-5.397111913357405,-1.8880269184035854,-4.239090236686384,-2.258321986947745,-2.4327418431597,-3.562922739830423,-6.502534395365676,-7.8057450283408585,-5.597927055832595,-4.109453719253196,0.29429987608425917,3.058406710779974,4.402092288570096,5.614504996394358,7.794079794079788,7.345803842264914,7.9815467037055425,6.31096371439719,5.96494579492813,5.288937031978519,2.6552737963983835,3.7709881640517473,2.185866234000358,3.9944533905886592,4.806229302783487,5.4465075154730425,6.576103735720901,5.0109682136866,6.191289496157131,5.659902733523394,6.178612812448273,6.6437290079462725,6.0032167269803,6.241568129513526,6.4504813501188805,6.16454140420956,6.361188028676547,5.527544351073767,5.719097832454601,4.837017474042164,4.7824536376604945,5.712263316227211,4.904065941677622,5.331630892401148,7.099826418433686,9.628712042585956,11.066358534169707,14.330177243390233,13.782692979947248,12.316384180790955,12.234706616729078,10.932171819927207,7.177968942017649,4.510848877046069,2.6669844801101736,2.3558586484810924,4.062646583624322,4.206883991986891,4.795563007867931,3.30860084797093,3.836426013572733,4.568832076696448,3.830248129184719,3.713203859777693,3.3256963704329006,3.213637665934495,2.932669511616881,2.5132493228123933
Mississippi,3.1099999999999994,4.579458147998384,4.514763680338596,3.193493999801645,1.9493744544661091,2.7066215563073923,4.107607752386468,5.2090341182124,5.707762557077626,6.381176470588236,5.631193850143557,5.398739380652231,4.517638588912884,3.9547022914270533,4.156071898290232,4.134165366614673,3.711038401928709,3.2765957446808462,4.369054634228468,3.578859758635037,3.9103362391033567,3.996703749484968,2.1777706081626094,2.5632784250703073,3.7791626717801132,3.779714738510298,3.907483422797591,5.1786273895330615,4.673185002694605,4.672825837978166,4.998860442148456,2.9571694599627554,2.4860253015592786,3.1585090086804173,3.1473844150206167,3.13268702069166,2.6697287211138216,2.347617027294599,2.3569023569023466,3.4093300596281897,3.4391164546344104,1.782506563493149,2.665844298245624,3.16803473305747,3.601838086227877,4.357860439858822,3.3375609104866166,2.0975802209363477,2.8178201030591565,4.130349941459603,4.741295781926234,4.585560636310927,5.576349679629508,5.209569617090389,6.6296638914585255,9.951351684217025,8.995313063333734,10.259454966454907,8.976286871023701,7.392887146457568,8.24190969733724,4.813957245167195,2.5687294342426514,1.5332464146023457,-1.685851074666396,-1.6131518109427252,-3.9739211425023173,-3.785505162052496,-6.377247060042482,-4.882251579551979,-1.5249488091389225,-4.831304719197087,-1.6212926073483882,-3.4584980237154053,-3.726402188782491,-2.4232905143882997,-3.4703864109342413,-1.5466848629591876,-1.938160736614753,2.0293187697614266,0.6817387250903085,-0.017327018597650873,2.1561467570857236,-0.5296371422132059,3.524509520226867,3.9570215469932375,0.907801418439713,0.7646992183074626,0.3577817531305986,-0.11113580795733331,2.237840877143671,1.714542694923836,2.6737967914438405,2.942812639074333,2.243854149480275,4.802697026638664,2.734375000000011,2.7127803296406277,3.044483890054326,2.5048779201603124,2.6615969581749006,2.8621034355763655,3.8158375528527446,-0.15433686593270035,3.1378600823045235,3.534346069254768,1.7497988736926884,5.863561417971968,3.251870324189531,2.8307479498073405,4.057125914212285,3.2755767545994305,3.8885131871316694,5.385539274561618,6.4966519447214734,8.06824072764975,9.596875435904597,10.950036469730115,12.481605351170574,15.66874536653439,15.676042594713849,15.350480729723074,13.867745004757381,7.58558286834565,7.1994425291571895,5.026002707131158,2.437156186895063,10.597140454163165,1.9569605528755585,3.2491097168051493,5.373530011555959,-0.5861850443599564,6.3957585315929,7.213480931577039,4.441505660742521,3.1266932270916343,3.885577317311632,0.4657005422960381
Missouri,2.3700000000000045,2.441211638102833,2.8306588258746173,1.9846728237374691,1.5043469766533086,2.830463962649544,4.003101676844039,4.643545279383437,6.091810220383023,5.542943624668936,4.948741845293571,4.465107714969614,4.172714078374463,3.8716615880982324,4.36018115620282,4.61796069445668,3.753047718564962,4.538395168248481,3.692988427501705,3.9002611405947354,4.490138480906415,3.062066688676137,3.274249138355486,2.9430841576130984,3.2128514056224895,4.172339232802121,4.823202224870872,5.568244467196971,5.859922178988327,5.888683886838865,5.806549423893288,5.043270665473008,5.072410497684339,5.641062872077814,5.16549648946839,6.157670454545445,5.576156160358217,5.834650539481829,6.083520675795359,5.486050712517555,5.566600397614318,4.571428571428567,4.752119188286672,5.061203780046945,5.499058380414307,5.27819175360159,5.830063756743496,5.801388469664947,5.944305605141027,6.205025362746261,5.439379018710546,5.722925938605501,5.032294299354103,5.775852493613243,6.043291945940006,5.774731501969894,6.12801454467676,4.436627113304625,3.906330950160601,2.9287208531047404,2.398347357283212,1.6892061736463797,0.7329477463103304,-1.2293659842363505,-4.084042710229781,-3.7524101448558875,-5.49918328961046,-5.3601003764115465,-2.6214538552300897,-3.6161906718718004,-2.4303373140582374,-0.5568224001696893,-3.6718996944473705,-1.2417395011724497,-2.694867940734384,-5.85004266211604,-5.419742958709323,-7.144784415304089,-3.8728897715987984,-1.2291135655621728,1.7000115647045204,2.4641134422037596,1.3487144168962317,2.397063883472879,2.746190584489432,3.36339402189326,4.184834928365132,3.2706093189964176,2.595318466050577,3.111281826163294,2.935101641482773,4.088937093275483,3.3387270765911534,3.629397051780104,4.219030520646324,4.173179118474519,6.686152721958349,4.5652955374107815,5.076759385924904,5.281320330082522,3.600782778864963,6.477752676554364,5.294372920584416,5.049641347204407,6.790706460143557,4.999769383331029,6.076842057059111,6.100208013023429,4.824445034049715,5.1438611904239,4.770333275772757,6.137322593018798,6.542923433874706,6.442179144385022,9.501833614899667,10.556961008713808,12.919702248970541,16.284637726666134,15.412982126058317,15.36394014237978,15.617658403169823,14.645424781449371,11.222327279840897,8.37163906555002,5.571224941618901,5.184596361066936,6.783337730483977,7.126463496121563,7.9316288422866865,6.549668318078774,5.778680648969175,5.299126755979813,4.367730430385144,3.635694958888269,2.989722827779503,4.58947151540127,3.9681730082627773,3.7590935590986243
Montana,11.75,9.800310197751067,10.672086208526316,9.528594920518918,11.158836689038031,13.45457755804714,12.03450632046463,12.911835849528739,10.658509096763813,12.15469613259669,8.622398414271558,7.808229297480973,7.194820311363295,3.254006799417191,7.5940482874789605,4.652596957653825,4.533423820834752,5.066523316758515,3.1963470319634557,3.2213710469456007,4.24592611828864,2.3023791250959285,0.4171934260429994,1.9790675547098031,1.0275892134271694,1.7066766691672854,2.9963489865290134,2.823909933445289,1.7137221057822716,3.4913024771036985,4.6510206576213085,3.871514124977319,4.793939393939392,3.729880620062957,3.4982187700753427,3.6282103546677478,6.43687467468625,5.588319496135122,4.243313395779263,6.378554568955824,5.047815692240828,5.292554633696649,7.7406084226480365,6.899466427175235,6.186313557130284,9.162074470824546,9.17403536977493,9.384729429206825,8.982415120074041,9.74712209850915,9.760699493787381,10.084033613445374,12.005542394850943,11.581119422233686,10.976478973627943,12.435360748584086,12.877608843130217,10.995530898443526,11.689145793192035,9.58899109359032,7.5231563317542145,7.938215897257897,5.155092514291517,4.836292175998395,3.2879594923390543,-0.6302858796668604,-0.7205584327854117,-5.051628276409842,-2.8203985484179075,-3.715090126533128,-3.8201082201989505,-0.9737326417935501,-3.3903301886792345,-2.366147951467067,-3.0016170327449023,-6.38980874501589,-7.571288102261548,-3.270336328272918,-2.354738999062282,2.902212756741155,4.115920763022732,2.2954553542830665,2.5680241863773885,4.574315080506549,7.332111901909662,5.910798775396608,6.0304469951797985,4.189728623662409,2.987230410662122,3.9056597575797345,5.402930402930397,3.9214423696071954,4.481560577566698,4.296282245827021,2.9477473004840515,3.8973914121073308,3.554104762195301,3.6403867721499776,3.73440231478692,6.548187022900757,5.043601225547962,5.896116050538128,6.755382514455066,4.231501175416994,6.287861790442006,5.438024745912505,5.993141364106467,4.583288583395982,3.4513694654071414,6.278649448620905,4.714461791290061,6.895843495674056,11.58496148548692,5.163405136294175,10.875429131927406,15.058721809928667,14.946969004297337,23.71042208629216,26.402742452725864,24.038240758135558,24.54709964802035,23.41151062781799,13.23989991776461,10.357942210928421,5.722405837364889,3.5214294486061553,4.2537082818294145,4.019640733172713,4.714943743864688,4.344731457042017,6.349206349206354,7.7036971882604846,5.385292123974217,2.600613915416108,1.5970567331410068,-1.3216458642420663,-0.2175965841441929,2.7812404775755457
Nebraska,5.909999999999997,5.210084033613441,6.473829201101927,8.406167141313956,5.844585025021242,7.141514752865998,7.124376270559978,8.614910770903165,6.993755575379129,5.920014032625855,6.176140774605362,2.9774812343619623,4.710688677672175,5.597416576964482,4.573889024291165,5.499311573661612,4.642089338323102,4.924331529836118,5.306090739589817,4.767388300322438,5.463399786942633,5.119198864060977,4.389524160826254,5.620282846046741,5.851370851370861,4.080762121427562,4.134275618374554,6.389621201609552,4.716788221661774,5.724043715846991,5.870376654224639,2.001956309096833,2.7208227559721454,3.0624111642331107,2.9230769230769242,3.2860248050121568,2.9085609276978666,2.8961885656970763,3.0019930244145447,2.8039118593711323,3.522167487684728,3.2289508955769533,3.319627524489061,4.166415798663368,4.116107542231732,4.0604343720491,3.9620764323754796,3.7454482399861386,3.833409506398542,3.0569419237749633,4.7905877054717525,4.618641707058884,4.297111416781294,3.962357602773644,2.8417942519473502,2.699968047715408,2.289512555391435,3.5201948017574534,2.4864187212703674,1.664506092818257,1.9855595667870005,1.477807322560844,0.4791029561671752,-0.1326124655717591,-2.0733249051833096,-3.47694633408918,-3.2058435629501845,-2.563840653728299,-2.3237800154918666,0,0.6917513887433148,1.064052835727016,0.3436426116838518,0.4333072304881148,-1.0200895180597376,-3.215600850578284,-0.8482613277133896,-2.936895727206573,-0.7098538226942867,1.5004554954182427,1.4134651150433055,3.3631446473517923,2.589630884922939,4.772715273744782,5.087765260675928,3.973887363349058,4.320669006813961,3.2602670697908787,2.552852014359795,3.662547339047236,3.8151318719382497,3.606285379660363,4.934850252819917,4.350334086429847,5.309818875119154,4.56408082520842,2.775332437566594,4.4914317302377,3.9965601520774925,4.085585585585583,6.478225588314852,6.0838513424150165,5.618662140401269,7.8374518544164165,7.4135230111351,6.154677305406642,6.782594362947083,5.341520186210772,4.312179739850216,5.218446601941741,5.383190553368832,4.438264314831033,6.374697702539301,5.551214793317713,7.755684939031092,11.384693951995345,11.946289652232602,15.337163805562406,15.173140313317715,14.491567054200097,14.460239893380718,13.089853300733493,10.023014280656191,8.375286041189923,6.514928890244241,5.294165337945581,7.002064952130659,4.684860641891892,6.431378673121479,6.552538370720182,3.6441102756892283,7.160325744396536,3.543480387361833,3.239792845959303,4.222082507133525,2.2586640942992315,3.811908079639117,2.0251983201119805
Nevada,2.7099999999999937,1.6618280108118895,3.179364127174572,2.4142688214426515,1.2559633920747797,3.2988675529296,1.8217054263565846,2.0687000865967398,3.3365384615384603,3.002859866539553,4.08260373049106,3.4785067873303146,2.8286963803852294,4.238778343359554,3.355581969461462,3.215814885670038,3.1580852411546423,1.6603036491165803,1.5835102618542036,1.8976169461606407,2.070175438596491,1.598253275109169,2.3774275015239956,1.6543958423559952,0.5414231694740421,1.5387260379953633,0.77407281388227,1.9171779141104295,3.196854432002743,2.311208940060946,3.2666497847556384,3.2271549201571768,2.7747867141555487,4.170459247000419,2.9426189308484503,3.798493561188951,5.472275950999361,6.021129557550241,7.368588216611085,7.592072409488132,7.3584473141285205,6.608226567768033,7.853867771039791,8.485024294727694,9.238434163701061,10.506711645231583,12.72627537026879,16.438264589879005,21.455564242898102,30.024166878656818,33.54014598540145,32.133425192329774,28.7055415482002,24.06945463438494,17.26792384075795,16.650010862481,14.133877959319774,6.824095245604364,3.9036706156535295,-0.8343576563489435,-3.9696161852244107,-4.627818577702335,-7.3607476635514,-11.749239379483916,-17.2193489504107,-23.47250706187362,-26.66559057342319,-31.104490317088736,-31.077728776185225,-28.44718612529707,-26.94106641721234,-16.82831902143696,-12.184229820702527,-7.582503003321313,-3.713188220230479,-7.41290945554482,-9.60151802656547,-12.104297293164091,-11.428347934918648,-10.726032892097876,-5.801847187237613,4.175728577642451,10.306455886249228,18.538820992092017,24.511988590783492,23.657620041753663,23.827061649319447,21.73451595785006,17.896771422435393,13.13479200432198,11.06944264839002,9.403412629219076,9.4905580180946,9.568435504088821,10.723017813482354,10.166211293260465,10.26508429458741,10.35083896273698,7.776025236593072,9.305569908029359,7.825780817784023,7.642180094786724,10.200497585248058,12.020798865516417,13.190913755305752,15.864061640066046,13.948649845064196,10.131656679888607,9.910578151399037,6.3412896330602,4.918223845227445,4.555730104601703,4.457858428314331,4.436999813884243,7.235161254489585,10.872911169744949,12.774128710383682,19.463948390775926,23.69738613998135,23.219302594612458,24.767663908338637,20.860433200071608,8.452434122376053,2.89431330472102,-4.311004540584658,-5.512219205134544,1.1530937918253934,3.4385672202090776,8.5386009810194,7.074744624709367,4.096692111959293,6.063813700287314,3.8880019648778195,2.449676710991817,3.378147152285503,0.5821689953426589,0.3759042980755532,2.7673914596680094
New Hampshire,-4.25,-4.44083950116597,-4.660712452520268,-1.9269033406639329,-4.43864229765013,-1.9840848806366096,-0.25842575643373433,-0.4378003203417093,3.1912568306010947,0.9742368478025608,0.6045557594731753,0.7400257400257528,-2.1817411565346347,1.811749571183531,2.918768108166111,2.086660278931112,4.525768731052411,1.6847425502790294,2.992388697737467,2.565439566169563,3.449347420758233,5.363984674329509,3.6849564689208343,5.876970005083885,6.228096525483127,6.663390663390664,8.719000195274353,9.257658695860945,9.39768121406353,10.918640007371229,9.528513695554558,10.248747472971795,12.683094950887472,11.812593454062135,13.865201705477215,16.5430917643307,14.275883162563074,14.754829123328392,15.330885000360043,11.916814885757276,11.716293074606906,12.236177651171827,12.674825174825182,12.805623471882651,13.284619070436019,11.767420396862008,9.520115260999654,10.430777567054998,10.669345458390614,9.919488026424442,9.249139850232748,9.661432777232578,9.014905407987772,8.709738003568416,9.207113745831801,6.237415544319655,3.838906174678992,1.8097006867360592,-0.9541984732824428,-3.4662847997304542,-2.321164802700992,-2.239945698286103,-3.0143438235923874,-3.6082024432809696,-5.854396197882905,-7.273042874500951,-7.509602225067321,-8.097587471144713,-4.359798072510325,-4.656495694496451,-5.393794749403346,-1.5120173364854181,-6.166026871401149,-4.1869140529131705,-0.5701311806256284,-3.400510076511482,-3.988749680388653,-4.538934426229501,-5.328056020703303,-2.122482787182272,-1.2569906790945478,-0.2736932488998556,-0.48239266763145505,-0.6399746125773415,2.1414315766762106,4.299628692891341,4.674960952227074,3.380176727350151,4.726446979298684,2.0586110824476367,3.5863133521996398,3.3108490808918067,4.356815087489277,4.86325261614681,4.619511225909006,5.716706539074974,2.7494563904324707,4.83054524417875,3.7365872186876863,4.342086653151657,7.98532731376976,5.4449298689353895,6.700535493615262,7.396529911440451,4.564062363905578,5.865933970081564,5.730708188564327,5.603937902309728,5.347771761765933,6.187690533080654,6.085439571585054,5.617306083422981,7.385150628607577,5.60986964618251,10.149527706604445,14.49586963901777,16.464177895589415,22.099772243038704,20.539527132590365,18.19200105422678,19.779351330846577,16.33672302785968,11.351133385178152,9.440851822945703,5.692644691351506,6.493741595117414,9.389549922400402,9.176578458090322,9.551038753495805,7.659243789310076,7.474580279025778,7.493118088928276,5.743851571581607,6.209821126474642,3.8348991221315276,3.7805460306436953,3.571659517599636,3.126194622605439
New Jersey,1.1700000000000017,1.2293430068520748,1.5560270789128081,1.7756821829855496,-0.6919047148364168,0.7366115867011837,0.7262958909561136,0.4337111877772279,1.771673136259581,0.6916996047430858,0.8692216515211475,-0.4023947394248666,-0.7921760391198067,-0.5495583905790012,-0.3623188405797146,0.1478123768230109,0.5421924290220792,1.3716202881389388,0.6093366093366138,0.9544425858506336,0.578488087067363,0.6521950744670513,1.2210608576731463,2.4269005847953307,3.9676350165724386,4.226305609284323,5.423663385446815,5.033780569036057,5.128926394749178,6.411802913612333,7.369095569388513,8.23518753397355,9.418480199785945,9.55702825252877,9.58308466194901,11.02368795513517,11.208020867297032,10.991722381407186,12.386213335408067,12.002412545235236,12.233379755185807,14.212979562567247,14.627898926964363,15.710823909531504,14.864158829676063,14.472279776480178,13.401376977895879,12.9261198371146,14.157380031839894,13.975427819218966,14.480481440059645,14.805275087574701,14.69269847594382,14.436958614051973,14.602716784518044,13.12931885488647,10.865033871808238,8.183347350714877,3.7913537649685423,0.83293669681104,0.007833920877392013,-1.0650703568374333,-2.0728225585670192,-2.289355676185978,-4.735234215885948,-6.911048247681912,-7.492311993290464,-8.546698872785836,-7.301730872014139,-7.065377959734946,-5.780771057289638,-4.5120394418277066,-3.2731627267485677,-2.257141559562196,-2.5430718475073366,-2.724506730591922,-5.236370305837047,-5.668618158163734,-5.2282664911373375,-5.606369366380733,-4.17573910098224,-2.3642990838341102,-1.6173041623257385,-0.44181142685008307,0.8735608967885368,2.431641610331951,2.5666885179769063,2.965204236006049,2.5479301196375848,1.6499211977935353,1.6175024582104187,2.1108825546086796,2.655472029678804,1.342119288725234,1.9981614978953968,1.4197323612643193,0.7988587731811594,2.7490916045132914,2.4191253201783485,2.6956727358713723,2.646476082649313,2.8895816853566645,4.117265653945913,3.647248445774804,5.556321522128775,4.101845151953687,2.9980872736977933,3.4744746078997615,2.333681644026465,2.628263608323564,3.4117901101273924,4.611619219373957,6.024506466984342,4.766339315949877,8.699102108999785,12.141361901243682,14.04494382022472,18.844444444444438,16.528354080221316,15.259324329270523,14.831104855735411,14.207520228462645,12.159577975601712,8.266116227373779,6.266278535314843,6.85559491560741,9.045211358692452,11.310239638635498,12.018454440599772,9.650100289725886,8.257177517185603,8.624733194550585,7.753294892915981,7.543191056910568,5.963942427411721,4.900295958468775,4.679885332059238,4.587871199414104
New Mexico,6.420000000000002,5.046599246480273,7.085521752056294,6.382773271533409,5.102424356323993,8.796602170835293,8.995002776235424,9.213034401379678,11.756817165847123,10.132731846967994,10.893190694515207,10.621675531914896,6.768000000000006,6.57739267428122,5.206339483959867,2.6821938392186278,2.8173235426344903,2.5129342202512763,0.5530892948111426,1.1121679959025466,1.2024486226497635,0.9516943042538007,0.3618730549323298,0.48483971343803167,0.5616763879887673,0.12855306384800627,2.1417754380904297,3.132651591531034,3.3082706766917322,2.0898716119828866,1.9344817848065583,1.7177571398645202,0.4921328065432727,1.7815971494445688,1.142817564759666,-0.19908011258323063,2.586563663953649,2.6015925315760513,3.197973019242613,3.8313385610125144,2.581859745848184,4.509266073459563,4.8042468480424745,6.790327923153362,6.9083043848725305,5.703860188208179,6.635431176396094,6.197270471464026,7.0565875789344545,7.842781007751931,8.33630210188815,8.849815993924883,10.399725117397777,11.838041219745051,13.345390770579849,14.94043146935709,14.482830169104671,14.652272156665832,12.581596634592144,11.056121019703056,8.912550974173094,6.219068891516659,3.6979770648112287,0.521315059278559,0.07488455298082407,-2.548138374634069,-3.3507289595758794,-3.7181095775825956,-6.892537933901481,-4.654114660461181,-5.28819370044997,-3.6488423613222736,-1.2189132473099031,-5.08542267583759,-4.049590516266227,-5.261259636625948,-7.277165069607676,-6.0778905044649125,-4.814675091955111,-4.930046635576276,-2.8127132689870247,1.2593956891831357,1.0750557344562874,0.8209029932926151,3.2953804484124958,1.317471241765808,1.4067248308989195,2.0703008638665557,0.44187627464309825,1.8098010674429978,0.8990284692348657,2.480665402013714,1.8225767464346194,0.7720535671734147,4.143712574850302,1.7513882956001698,1.8421802297977377,3.9867580988413374,0.24839006439742045,3.699039089467304,5.132867132867128,3.074404220483896,5.180324860053222,4.96154019162431,3.6583743514700013,4.103423932227327,4.519478253282736,4.165595268706608,4.979466119096516,5.5649741459693125,5.914270211611497,5.5624125730272285,7.5468622656886755,7.319227526398208,8.870586380832279,11.664977784706528,11.742194604425586,14.118967452300787,15.517428602454123,15.036124393563918,15.954019870468942,17.027275111460792,12.483549539387113,9.803088685943143,7.31956954029712,3.7481091377668205,6.217616580310879,5.280464216634433,6.054660889942498,5.996867912301538,3.894571203776545,6.0024671268470655,4.763495285321554,5.392668823394557,2.731288653287909,0.6511835198573823,1.952176578786016,-1.2495770290520654
New York,1.1500000000000057,0.9686207244475772,1.2198810363948058,2.078960519740128,-1.2456747404844342,1.0092934945538174,-0.049800796812760326,-1.7820424948594864,-0.14015416958654578,-1.355362089434116,-1.175884404583949,-2.0336955438141824,-1.4135338345864628,-1.273693711764112,-0.34284561863467117,-0.1526406838302549,1.271100264388855,0.33522958147094506,0.02023677021147022,0.7541785568691345,-0.391605582889849,1.4883061658398289,1.5781487101669218,2.2759457819138174,2.8830645161290316,3.6113328012769403,5.3281545662782674,6.379190980120663,7.103664511071918,7.6063932216445265,8.037065052950075,8.534771290442537,9.203183606257435,8.974588403722263,9.303343252231748,9.833818742504716,9.525006282985677,10.09935134247475,10.233005044439096,10.224613944782417,11.151904543368504,11.477365948243706,11.956126970291283,11.788013868251607,12.957610789980741,11.406208188386415,11.373515863232338,12.16532691942528,10.78282059092293,12.033867771572684,10.707211930560408,10.586310027650804,10.134726422876,8.591949402369085,10.20311513365608,7.996121855386022,7.035150788895547,6.495557749259623,2.2823855226089864,1.4789264789264904,0.10262630032187287,0.3893214682981106,0.5415246720507897,-0.018624575126889444,-0.661727014306359,-2.5992613111726666,-2.516599340669553,-4.1400828947981125,-3.9545902331472433,-4.114329051523916,-3.9961895689449807,-1.7003497862417412,-1.348051186871163,-0.5586039843788598,-1.0071442746576706,-0.7858060689927862,-2.64382612139816,-2.5551799562537214,-2.195158622763492,-3.8007471980074694,-1.240846216436126,-0.964187327823699,-0.3382013835511128,0.7974316487158202,0.9989701338825941,1.7101941997630419,2.1132191886472236,2.414466248844147,1.4734373406750358,1.1749810078500997,0.7099697885196358,1.2740770465489526,2.2860875244938006,2.417780447514634,3.3098345082745886,2.6052501238236703,2.4265644955300116,3.6656891495601176,3.4167352272177336,4.759606101564015,4.8484557836178706,4.3375766148043455,5.624970752023964,5.110128098792739,6.371495220235103,5.90600994125621,5.232377829958797,4.624961641313393,3.285173718610245,3.8528821948201566,3.507073088582007,4.935892064024135,5.9866777685262385,5.0821692686935105,7.284929835265405,10.948730234786781,12.93110220755754,16.393634906361175,16.41643918713983,13.467213704743381,14.163478260869574,14.081289889150156,10.281378232267308,7.710606445064706,4.503077204314171,3.874919027147979,7.707527389776459,9.34362024794606,10.62973760932944,9.02828958557742,6.958572094426012,7.473338360443822,6.859748063036955,7.648909341445028,7.036476891133267,5.552910516951919,4.902710301117166,3.53338968723584
North Carolina,1.8700000000000045,1.9099999999999964,3.5585404971932606,3.080427892234548,2.1399823304211174,3.591404180158961,3.0490755977156048,3.516863649466716,5.036040365209042,5.096144738088482,5.8331767800112795,6.005755128562145,5.5357306249428095,4.767913474538073,4.3489837578769786,4.1155866900175155,4.6644702618345715,4.507914659325541,4.91622012418134,4.373423044575263,4.00927766732936,4.708594007243989,3.558978516416701,4.1579371474617215,3.862695125836249,3.4433962264151017,4.219508376389542,4.138944762494216,4.225136109194073,4.544763641890857,4.146323142792767,4.308743778322548,3.693349028840502,3.7147426577493348,4.1327082582041035,3.589487928210236,4.171988080034054,3.651783836826248,2.9574733342568296,2.5232038501203276,2.6290696090450987,2.5290776305112317,2.8725193407332537,3.5474785407725267,3.3780196442792696,3.225168183616928,3.158514255820045,2.9790816656952233,3.0814662643641153,4.951760270909207,4.690966719492872,5.930444626124148,6.881733823254662,6.002678680141249,7.556766575840139,7.812871052006648,8.006059899778585,7.7762462669423345,7.498733322073971,7.4504405286343625,6.484678463530417,5.493978471704147,4.571877454831117,1.747552913442319,0.6130307021988084,0.5960499065515011,-2.2135416666666745,-4.034451495920213,-1.273981570068987,-3.821240271152405,-2.903820546963017,-2.0311761927255576,-6.156278690196875,-4.938916153283899,-5.743973838282618,-3.932283295831996,-6.223164302407748,-5.761203866432342,-3.7325125909345203,-3.3682801695293287,-0.6143502955836341,0.38463779940555776,0.3778410742312421,-0.3231763619575267,4.000466526708663,3.1059506531204613,4.418577716006483,4.880731820287174,1.9513289222832735,4.087837837837849,2.412511785258718,2.7932652497929906,4.663953360466405,4.09499080385156,6.0435394779594915,6.465818162289884,5.3126642143983105,5.5552668502832185,5.612297007455832,6.0378310214375785,5.413901501921059,7.030326900354471,6.276292248924128,6.474169917229576,7.980687304742977,6.4949402023919065,6.902042859092777,6.321762051556974,5.948623531474659,6.068590186592943,5.830779707184196,6.7022438860408515,7.414456535231088,6.2711243230036375,8.775034183222079,12.093884141298775,13.805323369669878,19.128635475341977,21.986838213546275,21.093310848791464,23.37112878659672,23.435941973045136,16.544931050159125,12.872809562492748,7.895747599451296,4.474267100977203,7.1331981068289405,6.004369618300993,6.461045565500413,5.736805347700289,3.76240988421487,5.387842195873032,4.358833504502138,3.144461219097939,2.1638945423070624,1.019257759473577,0.7026136311621718,0.4139508290451692
North Dakota,2.549999999999997,3.5389383185044405,4.432606292089669,5.259494929409431,4.4758654314968345,5.744906826301055,8.1135707410972,7.6603381505620085,7.186858316221769,6.729364499634774,5.359209472091156,4.711352868924364,6.121560431905261,4.551287535289583,1.301225179552181,3.242563887725182,1.0420940346270584,1.4401440144014444,4.862790891650678,2.385976302548286,3.3376644469709267,2.355408566588692,3.1021317212854007,2.09258084971466,1.0137524557956716,3.5306170699030686,2.846782903872857,5.458074534161491,5.1268087754784535,3.2960341021542083,2.115370189783207,-0.03681071928146312,2.789906016428632,2.402358142962431,2.7400279144935125,1.5760789512446503,2.8869690424765952,2.569084628670116,1.587301587301586,6.308004640371243,2.7149954516828743,4.925278888655027,7.094594594594583,6.44523257400081,7.480073574494188,6.425944500167158,6.1974237644584695,4.856795027872117,5.1657476072764,6.666247800955022,7.413825112940151,7.3632752826153265,8.13645130183221,7.58673499440419,6.965489427896528,8.554354012521344,5.980381228402641,7.610183410895158,6.296455887105461,4.692497247417824,6.410728372337626,3.764945306537765,4.71243982771726,3.160056089743591,3.0938025106256752,2.93209119882325,1.7807887732881715,1.6699839798048437,0.13422818791946364,1.9006335445148288,1.9778443398469057,2.3349090388196467,6.994446572194568,0.6264023934181019,0.16783999254043785,3.303471444568875,-0.8859456798962004,4.139180525875684,5.925063998138245,3.771454381210476,6.347343235068395,7.944863273408576,8.089463045961857,9.745375408052224,8.417880035658195,7.558475907099757,8.508475954307087,6.0085666693107145,7.654659357870002,6.358781265608796,6.586243069084363,8.316809457892163,6.8339698126932245,5.8919153240372815,3.7082601054481588,2.638850511190952,1.416218424456992,2.1696858049329695,1.6234536519233904,1.5883699017364281,0.46995636119504336,1.268823666900401,1.6508804695837935,0.08281436332317477,1.8810557968593367,1.0386099113060032,0.5511991863250129,2.416178466223153,3.5811497720788426,3.942044119566631,3.1618102913825163,2.013379439614781,1.2854202944435658,0.8445309556699729,3.912575910931157,6.85864537793828,6.817542433809509,9.090626070172176,10.172586978358146,10.10346565473896,11.494791057005727,10.373562398333371,8.172399502693738,5.958695710708419,4.3727034120734976,4.452373565001558,2.543866370393083,5.23988615572271,4.005934718100877,3.086786474577942,4.739844080799017,2.9651808567151274,4.1030972702434845,6.075159082723019,6.392085988775801,6.261432390600813,6.412578966926796,4.8036219581211155
Ohio,4.180000000000007,4.196499602227525,4.846686449060343,4.884973078805673,3.666730658475708,4.399694598205764,4.698113207547173,4.965465745753214,5.129629629629635,5.265563579851911,4.5954225986664206,4.374888849368666,4.588691210146198,3.8211029092487983,4.315988973121989,4.285227466348612,4.437894736842102,4.8766206608113745,4.319101494755958,3.953925332897642,3.1365908724399296,2.8313925665975526,2.9290690310323124,2.8055009823182657,3.518098663122508,3.466997595594508,3.4763882479618378,4.265402843601906,4.372781511970389,4.625187406296842,4.9724988850899345,4.464809384164225,4.030390738060798,4.083972200329597,3.858953480138793,3.7265773036704344,3.8116435974125262,3.6483788807048825,3.2997000272702506,3.4776725304465397,3.691792294807364,3.088264594540749,3.62328405491023,3.7465672812867723,3.3535797363659845,3.9299059399561873,3.573020826698945,3.396987458246685,3.49484213816818,3.285395487230357,3.2960275488869666,3.1939534316713454,3.0204180258547786,3.1148721642059765,2.577687819978576,2.3685764914353165,2.0581681716899376,1.2222804260520308,0.4526725088503285,-0.47314061508279565,-0.6549841999425537,-1.552527169225455,-2.0105147611069327,-2.9277059539683523,-4.950552310450525,-5.443607265930741,-6.172985083426701,-7.124940277114194,-6.188013386066314,-4.175674840941375,-2.6454693980143147,0,0.7329095861979474,-1.6502288403274687,-3.6790808752339874,-3.9675905086489536,-6.342154400875664,-5.1582879989513035,-2.56650807478388,-2.2699879469666633,0.6187267977450884,2.4602626123013147,2.3590096286107336,2.302158273381304,2.965291063131986,2.8261162822069323,3.870187462205194,3.9582077556761073,4.452554744525553,3.6274188258445403,3.189080794359277,4.168277283855173,3.290769328505182,4.057475629826558,3.83024072216649,3.8221287649205316,4.213051233163167,4.446742502585317,5.168145867294574,5.140882825996304,5.636213408876305,5.748398369248693,5.781043687926973,5.937677053824357,6.397005419297161,5.94261166492263,6.132638662759151,5.872285805968563,5.529300567107751,5.999168226242457,5.701574964205362,6.465952717720742,6.851768920734442,7.018146150073566,9.93662619128247,12.279369899411652,13.625780013039018,16.00293295449337,14.873487348734878,13.57758620689655,14.754098360655737,13.826887370126023,10.469258762689133,8.341704803363477,5.946428571428564,5.313573734078368,7.635758374367148,8.599196400975314,7.672341142760845,7.48088584234115,7.003865979381446,6.6881700028460225,7.598384521461438,5.457778867970814,5.091226591196492,4.60608216254669,3.581820297951584,4.416467988602663
Oklahoma,2.6200000000000045,1.9086639352453392,2.1646311190547185,3.152173913043476,2.6505554472812305,5.09903902726025,5.714841092428803,5.7764153654564625,6.331877729257643,5.775331218510914,4.017651926082564,4.0210106864698405,2.4908490313364804,2.0111140513363335,3.774085204171819,2.698937837367225,3.5540069686411138,3.761348897535663,2.9213865939868895,2.9755849440488347,3.26379542395694,2.6833333333333322,2.548824892419727,2.9472297686671594,3.0058651026392944,4.171400746632052,4.091349257585545,5.445821671331481,5.472518782127325,4.596447491430334,6.000465152337375,4.12558774457758,4.3563020169453415,4.506182034857748,3.4447451181160007,4.282592862345226,3.7433539301623644,4.212101774641861,4.044117647058823,3.3244866601480587,4.203892236304468,3.043359321570229,3.2753465615656383,4.3395971339732435,2.937657849262254,3.889294484635305,4.309777602316102,3.6537963202902217,4.448605371900836,4.555037373027532,2.8448874030151963,4.1312500000000085,4.215862026333679,4.460466821459129,6.648675171737,5.954024368285209,6.5069102556498,6.264623303696759,4.830917874396139,4.469495269925784,5.441078191133888,3.462321792260704,5.156901470265528,4.619889382930274,1.3679818306660196,1.8088955096829142,-0.406928213689483,-3.151238727065401,-1.0316798666110827,0.2665133779264166,0.5447878470403311,1.9533340468800047,0.46330420132673233,-0.5524573930265296,-1.161821402521616,-0.1417248438402088,-3.652656954197673,-1.2106283737749606,-2.07158294238575,-0.5834735071488717,1.947239597497967,0.7692307692307632,3.923996124448268,3.262306350129549,5.7514805527396895,4.906554356409593,3.024809654529447,1.5719406041986652,2.8404217748852205,1.5356049580970552,2.925946407923178,3.8312244795079873,4.165031397174259,4.5618543962832945,4.703756166658538,5.131815312909644,1.3846371214618742,2.7840801663830526,1.8333644336629866,1.5978572088297809,3.6512286895526476,3.536445159806851,4.324522424297951,4.000000000000005,2.402187065836066,2.895975837256823,2.7269134501383254,3.688811188811188,5.426933345004147,3.7252870586203897,4.642215952808418,4.202495363345135,4.931711569596091,7.058138083149531,6.805555555555543,9.328101614012366,10.448233572021994,12.517006802721085,16.11718809760577,15.998815998816005,15.71745827064976,15.394714112972881,10.826745718050066,9.57864182960672,7.017272333312702,5.3681027514146304,6.253157785240872,4.165453804506026,5.001012350678264,4.114337671193959,3.026488769544906,4.188905966186937,4.680182910032507,2.347033458872323,2.3565824125105226,3.333869756463901,-0.11578642667298171,1.9865607167617851
Oregon,8.280000000000001,8.170480212118242,8.297237462700938,9.136622390891835,7.748429996305874,8.415796640944164,8.692560661274554,9.449708771624797,10.311133967600915,10.919443979232964,10.450568321203685,9.904686258935662,10.000000000000005,8.108108108108093,8.247575331309703,7.02464407024644,6.547997457088374,7.520949720670399,6.907872238560969,7.29961509892633,7.186422699549193,5.689420016886401,5.361141321732451,4.386406544996853,2.7647204354280053,3.730105082037745,3.236383508409747,3.3942243925966094,4.122780619921754,3.530805687203779,3.4113633690153993,3.0320699708454746,3.5260115606936386,2.637903410391402,2.8267546354225908,3.887945670628186,3.7632607481853766,4.822434074817419,5.182808783671666,4.646728768317264,4.821351700387434,5.217530049994682,5.605805637358013,6.054138469547109,6.606776180698139,7.0312894909771,6.886764266507327,8.005693810435382,8.65315163480522,9.129120619627837,11.530398322851152,12.588620250863489,13.574720794185428,15.627299086856802,17.865497076023395,19.145071445870673,18.964373512311244,17.920503031664044,13.998653294113478,9.997628485279666,9.174402204218183,6.252777248778008,2.884944197469448,0.8685474929160999,-3.295877899290942,-5.424781933325358,-6.843934129022504,-9.016793893129762,-8.553142573088524,-10.559065066329755,-9.867012650016223,-7.369869449944637,-8.558130053679418,-4.647384963096382,-7.34489707787533,-8.905474439331902,-8.898383800854539,-11.4884633902448,-5.689983299025142,-3.2016863540548113,-1.3254486133768353,3.2637348843047755,5.201383741042746,5.435943791601618,10.791485844182688,11.775193484338924,9.332550401252703,11.305093332294138,8.35260762515854,6.579662860250127,7.121629847112315,6.771234507387429,6.613875021518346,8.547619047619046,9.495955612006139,10.466946484784897,11.790350707227278,10.982984990442771,10.494825849384918,10.371645689859891,8.325389259612328,8.467445931447289,7.848716744481578,6.457425636060457,8.578895437211663,6.929224041439988,6.488549618320606,6.050577268019096,4.030356616563505,4.101852528055689,4.517572346106668,5.702987279050944,6.619921146445693,5.532691048545511,8.941517641372636,11.856576219237347,14.470450167179653,20.35231553290493,19.29268601850678,17.34934418632766,17.573893531414402,13.003774279664917,7.285800304608081,3.461300734839634,-2.0565637287968284,-1.6162142787317864,1.000330141961053,0.9757716561566537,3.7392283012212304,2.490643526645243,2.036413558657215,3.1011701288456486,1.47513642178213,1.3653255776377518,0.3315607380830241,0.3953136207858481,0.577647284100339,0.29010918944766656
Pennsylvania,1.8700000000000045,2.0770620108368525,1.9009504752376103,1.448269020930457,0.5202709335427517,1.2680625184311334,1.2272950417280315,1.7698249731103965,1.904296874999989,1.3783731314307919,1.7361784675072804,0.2978478093774042,-0.6420699568758865,0.16277288395251027,-0.047668986557343085,0.45981415844429924,1.4756944444444318,0.8985756619825999,1.039679511636783,0.8963478592543126,1.216614390267086,0.6631927996210354,0.5852921740772116,1.4554389944239599,1.164428584843656,2.4282352941176453,2.5058657907085893,3.1299487657196083,3.648008911166799,3.464118349719743,4.403955319538548,3.793695239815738,4.388321690847221,4.8845470692717585,4.454967990879592,5.169262901401095,5.490734385724084,5.842506350550386,6.708084963479132,6.793545717832031,6.961613532856227,7.255999999999994,7.741935483870971,9.00356423368976,9.002433090024333,9.054971283657801,9.471301299839345,8.203013932328682,9.130859374999982,10.341289925449699,10.392902408111542,12.192878728156616,11.006711409395974,10.717163577759866,11.529397546679547,10.38763321231995,10.46812921057178,7.961034598589182,5.510104567372822,4.068533842563117,3.2525410476935157,3.479568554241862,1.7613227893601615,0.815535960038735,-0.7420869301832494,-2.871460786770242,-3.052934349296051,-4.585671671975324,-4.968975689146582,-3.9521205241977073,-3.1490734957318405,-0.688851208139048,0.20337168852020093,-0.5371723248818221,-1.676788305476436,-2.3743463877921185,-3.477006889921482,-2.7597753294447966,-1.9732167258813806,-3.0168880144286003,-1.245019920318725,-0.32768675367953537,0.16728002676479478,2.2992392223161526,2.398162156104668,2.8139975482001462,3.6294811845914112,2.6717346994987023,2.2051983584131336,2.0486694488103634,1.4718521701761975,1.781307007189609,1.7239533140593206,2.071273036273836,2.742191635786134,2.9309435951502385,3.489473684210524,3.2467870336646074,3.555234954657861,3.9229744955444006,4.058383766464944,4.389457239328721,4.308886456363816,4.632367435442542,5.307658472215427,4.9145505455247696,4.626979584048854,4.559155990957049,4.859145124611315,4.684336462359657,4.76885201057719,5.027027027027025,5.284588828892625,4.958241758241759,8.372497824194944,10.93240693086292,11.783252059862127,15.52475081665132,14.359139094121435,13.16837425091823,13.944567710879612,11.78539061083922,8.981741573033702,7.307574049400446,4.722928149443876,4.99091970424179,6.917327147367752,7.0041388092964025,7.173022376300028,7.203088803088802,5.797800210938663,6.227313299613195,6.7076398282656005,4.938485031837954,4.765159930502156,4.1621152284121825,3.747898696502886,3.931797589302873
Rhode Island,-3.7900000000000067,-3.143881208397345,-1.1576971214017517,-0.30167481535419954,-2.4009978172746993,-1.215901882004643,-1.9837501318982753,-3.8188647746243705,-1.6719914802981974,-0.053516001284396195,-0.13995047906125035,-0.9546539379475045,-0.19495288638578212,-1.9276076247590461,-1.498490728762398,0.4162102957283786,-1.3239283776451425,-0.5678095654072899,-0.13133413593083565,-2.017888307155332,0.5388760585065379,-0.05490885130682754,-0.28493150684932067,2.7385060670154826,1.826733756289654,4.417097022305237,5.3082756346851285,5.298515548813523,6.842840262111924,5.114174471219615,8.067209350866213,8.96274953694175,7.7216971646893295,12.533787165882467,12.023177209077742,12.68297289640192,14.579055441478445,13.308424517391698,13.965517241379299,15.253100905129081,16.86217008797654,18.12828766585538,19.886535552193664,19.66259453170447,19.224871044193492,18.204173866808443,15.704460849264928,16.419543023821102,17.188961646398507,16.058476244025865,18.29534300359909,14.422173504541181,14.992017561365003,12.23293445085025,8.357534688609226,7.052597965421276,2.51637815089591,2.002935336268676,-0.7189653705436899,-1.5979886649337367,-3.889288586059502,-4.887854422344482,-4.910656896773367,-5.183613372596571,-6.574196389255837,-8.226918798665189,-10.882790320400165,-12.039278374057998,-6.838855634632603,-9.3231843304567,-4.510517799352744,-3.1206189314086874,-7.664676717595875,-2.5985136074426634,-2.7589493751323912,-3.4837603172901703,-2.4656183222837105,-4.644013833232684,-7.482437510210755,-4.897823189693481,-3.791921802145947,-2.1012031546830956,-0.37082818294190095,-0.8233095877612966,-0.02335630036201801,2.781371280724444,4.773720902753169,3.143950544598177,5.6710664641981126,3.215286915727447,2.712304048719974,5.0630743763913495,3.006687669264355,3.8079929050496117,3.875926434257481,4.351841790720412,3.6486558995546403,4.746903032891919,5.581100364674173,5.737491539542881,6.973132473986644,7.610745781719941,6.041948240476544,6.479885764931802,7.09930313588851,6.906679298910475,8.204305135951659,5.7895953757225485,4.8348470471284575,4.351293867422896,3.978710409213858,6.526205359094277,7.154864014482144,4.305732484076427,9.092053369136522,13.84078785391876,15.05168738184303,23.286109754111706,20.572285681319954,15.903110694589628,17.155543124847064,14.532426363756457,10.405103668261564,5.532576582180053,7.4873172187406665,4.494738359521399,8.65884664278284,13.770849295691642,7.149004691968128,9.665048007946151,8.123055651572765,6.783743880643406,11.522516453334722,5.914911817244066,4.042888058233326,4.6596807839712895,-0.006970098278392592,4.653427716281052
South Carolina,3.0400000000000063,2.618528069827416,2.8174564082356413,3.2172892626637903,2.2321428571428545,2.1940846704040307,2.6923445434511852,2.453813358597824,3.4175052211885273,4.435827106781422,3.106922933383092,3.088588866284449,3.745180833486321,3.0882086578518355,3.7734141706632895,3.0139935414424106,3.5391966023712618,3.786348062900819,3.4792465992326425,6.199930337861364,4.2044095026491215,3.656678517013707,4.070110390157578,2.7140045916694016,3.7641463014597374,4.507594316511523,5.149797570850214,5.180809451584573,5.231960799810325,6.18846694796062,6.068073309718154,5.396174863387989,5.700337964701467,5.253863134657826,4.283432554087394,4.4286022899114315,3.9150206053716006,3.194910514541402,3.731551099972162,3.337470693697423,3.9589743589743533,3.0621231623873593,2.999999999999999,3.85693313759507,2.229676400947129,3.687635574837319,3.8183358311070656,2.9748136725777594,5.076240108087233,4.4376822619500444,5.755350530345814,6.507768141261606,5.920891501347059,7.0292582250819375,6.818991097922853,8.611599297012312,8.74038961789699,8.376814882032674,6.96705372520695,6.321467098166127,5.305406411142411,5.086608404416766,4.150002596997875,1.151582792207783,1.0803170276137042,-1.4640705144166115,-2.7229204069419546,-4.940067204975172,-3.8855316386155927,-3.936928286248543,-2.804265354249974,-2.0365094439168434,-4.292023902312284,-4.792718855218863,-6.345271375072525,-3.403705299439893,-7.60627612791139,-6.851964413991272,-4.466095967560265,-3.490187332738637,-1.175226231049477,2.960194577920157,1.898249130460413,-0.6065857885615153,4.590319895350219,3.1862180225858494,4.998553659242126,5.091543156059279,3.0983513359863495,3.0152437322016894,3.1186291255716547,5.043968807035012,7.322856355114421,6.591143151390318,4.808976756612343,7.0078449955246676,5.348610183424959,4.97838799898296,6.744838134081055,5.013776815587481,5.00390167772143,5.628754117419107,6.481039258763967,6.016023989129927,6.883418485833717,7.433733834724392,6.422964790311739,6.461307287753558,6.314096992873283,6.001622060016222,5.491634003455979,5.745360953132137,6.245657061107705,5.971892240164302,8.87335197762684,10.458132139912856,12.260993344361944,17.61285909712721,18.333272173498234,20.986601272346025,21.816312542837547,20.131821265871864,17.72878097187334,11.923506256976669,9.157148483654986,6.226130923565175,6.572015593720364,8.624445552610172,8.443081363882373,7.172696660505856,5.185496428483161,5.223862565539905,4.0639779451957185,3.8388849515709893,4.15207838898419,1.9610094376449432,1.621485829127372,2.375156409964736
South Dakota,7.379999999999995,4.023380418899167,5.897683397683397,8.29524457843042,5.084745762711872,8.643940812886312,7.000273448181576,8.261494252873566,9.38496986884084,7.223515214205668,6.76377885680211,6.245852687458528,1.8877096329903573,4.920009647077732,3.3750897630256156,3.4116636739792363,6.4726463104325695,2.7967205578116663,5.896881753627652,3.887966178468976,1.97908887229276,4.151759093619554,2.9737609329446157,3.066637599011699,6.634932259245699,3.9361625992986475,2.640147225368056,2.9824437707114075,3.275873909758932,3.849066997176894,5.054823805254819,5.264959605641516,3.398058252427193,4.8600981302214645,5.2711041092293565,4.162601626016263,4.60479773618882,3.914005690799872,3.5106316642763575,5.650952232282225,3.6643098678143295,4.6914932457101175,3.379518072289165,3.0200945626477624,4.056698890931721,3.394362104039508,6.182623390245315,5.599219780850205,5.705329153605027,5.615830007307893,5.592141367577652,5.193676318791765,5.88267011754556,6.605279965935702,4.225352112676054,7.4316996333212915,5.413250496511685,5.162514354186431,5.545028423257208,2.9227958850110487,4.256038647342996,2.824858757062155,3.0945856562411467,3.0639887902849146,2.747787405588252,2.1978021978021935,1.4298153155217472,-0.4305266020121402,0,0.07680491551458729,-1.129535083359689,0.9603568340084588,0.16686209073690111,-1.087986998329645,-0.4798245213179232,-3.0384996844288072,-2.444734590968442,-1.2779552715654876,0.252548443383236,2.8222056909057063,0.7153405944249506,2.5889967637540425,2.7801951174827066,2.0755143567714236,4.092013013792791,3.9026588553402415,4.1844919786096195,5.1120758394613235,4.837999647825325,4.432685634975711,2.9000384960862315,3.776129467296025,3.7791307999160195,3.4554364980480075,4.3812611713846366,3.4072449642625027,5.535100141614396,4.419911682055408,5.893831388634467,4.861956564426814,3.404516351646665,6.035907885125519,4.4150276409311235,4.894947754765737,5.891513106670144,4.590116384467578,6.310102647217734,6.483861753784642,4.789915966386537,5.861961382466103,2.9948843039604207,3.9062499999999925,4.634456027800056,4.3552295500687705,7.878030327949735,9.942237568169352,14.02842088456012,15.366511861428384,18.355897060617163,17.918990314059293,17.23703371793436,18.313613491092084,13.51762159934047,9.187305538270074,7.985571984807588,4.8737873005655405,4.713705376392888,6.492499886016495,3.6765031190549933,4.149677758779431,3.4460338101430503,3.7397782249432776,3.5482632073056233,3.521289806571102,2.9897339199664743,2.156373166051049,3.1031711689435624,1.1162166558230338
Tennessee,2.530000000000001,1.764002391867646,3.6066553751120756,2.973318893374038,2.0969472349556284,4.397218685731069,3.8849889412443566,4.809255186920357,6.324035154757346,5.78799249530957,5.868740164769049,5.4187192118226575,5.786163522012576,5.285093553249985,5.386027804494183,6.118033921772233,5.0025479870902,5.491451191779665,5.2932879780967355,4.158851830710273,4.424492437110733,4.087824351297408,2.978488692774408,3.0924606592030086,3.1603408210689485,3.490066733144115,4.25434233682761,4.579283110571082,4.730440006006894,3.8467239845834764,3.9779816513761377,4.001161861883662,3.097218239174091,3.6542716437084977,2.9011082092186165,2.2622538751571075,2.5799721835883025,2.065688907250568,2.1333516257374026,2.9154718011743697,2.826926988000824,2.6917628010524246,3.5663912955873482,2.6471173621707753,3.428270042194085,3.9942188937064858,3.5797665369649874,4.976732161323675,4.098674145843962,4.8515476942514075,5.672426746806913,4.870089890407601,6.7295327903986335,6.344137847933487,6.570683730299801,8.078435977220682,7.814113597246113,8.027873774856959,7.24968032467893,6.30126568526264,5.37994891443168,5.170967065240186,3.8774558084080604,1.844754458582459,0.05554713932231744,-2.4384162760546455,-3.2935775238285316,-4.661314601103873,-4.118300191783586,-4.2729363659596284,-3.5708756901800855,-1.784116625440759,-3.095062638172437,-1.6872230231192251,-3.4837052496387813,-3.799164076733471,-3.6664856056491035,-4.670613153750065,-0.8205810601020281,-1.0638890436138788,-0.40597688187200387,2.3016008659488363,1.2354651162790742,3.0345681792590846,5.265243729830726,4.8449072784986456,4.876028494118938,4.704660947489216,4.302694562469746,4.121740054177506,3.901642796967157,4.1905855338691165,5.434950755427212,4.938019690863647,6.015304312572835,5.975457049837218,5.555827260722851,6.392494288075448,6.610898661567884,7.269118064089231,6.75994996061714,7.5710499862926035,7.286015334259965,7.750264363764542,7.694644562103993,6.834303189907829,7.418087596121686,6.8493150684931505,6.935321378198673,7.307569974554694,6.493405439053829,6.7967853042479875,7.763038890563749,7.187847350870706,9.878708168931741,12.470436465276288,14.69785984053715,19.692360871068086,22.02088043622823,23.2778946026891,24.299521326869716,22.647067317411274,16.670753971497863,10.291533133464279,6.350413304226247,2.9833525630459903,3.827918817292194,6.275483901204473,5.4776511831726555,5.380007316627029,5.15341011337053,4.469483153995422,2.873198784247708,3.1092017618086834,1.5530408368451432,0.4010215496316885,2.1829234595192,0.8795926097386367
Texas,2.030000000000001,1.5785792786492139,2.3327684179044996,3.558576569372239,1.8719984318337708,3.3441526507327546,3.4583536288358467,3.6776061776061795,4.339041754858577,3.7213286380508337,3.0320150659133698,2.3461502653384323,1.7427385892116187,1.6883831895760588,1.9831840614147338,2.1104339124897598,2.3291644009425347,2.3371232629489294,2.1238462227798105,1.7461024498886357,1.6650429545655918,1.9398642095053371,2.0445770445770557,3.029507048419585,4.207683596132066,4.65357668021797,5.770057614584223,6.067816775728733,5.8769436549072065,6.463344078022984,6.219512195121956,6.569986379296521,7.027240426371895,6.8395310923065,7.210103329506305,6.796481467558846,6.108447067502767,5.704112774306056,4.654815449418156,3.928194297782459,3.448515608704706,3.368392108338493,3.1516474520772255,3.3529770371875753,3.0109550373009064,2.3209416771962554,2.3741816017459185,2.0907065146152823,2.466236054022314,3.048225659690626,3.288113695090423,3.6014636964755633,4.043298312639283,4.616840113528851,5.309900556632692,6.02924773825754,6.50550795593635,6.143365286067401,6.099299204181025,6.288352521769617,6.113888410044237,5.759400204475739,4.937027707808561,3.595975147083077,1.7219905777874085,0.5746509129967893,0.3093828345868739,-1.3003556074518279,-0.9954751131221745,-0.7475837026752846,-1.0263227864929576,0.7259625725962542,0.6828691257124477,0.780115134233598,0.30088115194498294,-2.3276920612887797,-2.579439252336455,-1.9965833867179057,-1.6713091922005596,1.0931948619841487,2.538098892665291,2.985074626865666,4.952059272172589,5.909705325763724,6.126704089815546,6.839098698825772,6.130288087204776,6.881764345517673,7.485768978892758,6.163671468884592,7.2483615377090835,6.443446694688565,6.252050428832547,7.55456071628427,6.676395476103606,6.51110612519633,6.523752811962415,6.455948664585508,7.028043775649806,6.6986855409504455,6.579710144927531,7.31478841689407,6.486659210736542,7.071783937455589,7.036015385213107,5.69661087707313,5.652663165791445,5.11118486558246,4.558983666061707,4.459605026929988,4.405865019348871,4.781952776900695,5.238491980837317,4.588890416609366,6.773667029379767,9.107346146119328,11.842322282698346,16.702271009300947,18.71974522292993,19.388694531393853,19.407167084500816,19.26835450167564,13.627340522560228,9.047912811022,4.856119550450776,1.0554650421477716,2.5237263326880397,2.4372996417122326,3.0270193870580253,2.7968596663395418,1.4990674004651463,2.264255142896597,2.1423998536674604,0.5205136947380431,0.08847951358955562,-0.5535304441744378,-1.2311687148837105,0.45450434153400665
Utah,5.8700000000000045,7.780865422786809,8.094252193631068,9.868675164156043,10.95683385283838,11.915285451197065,16.08901860634805,16.602214800492167,16.966033880990896,18.265591574790193,16.129792583280956,13.763473279565854,12.154294032023282,8.821483233616236,8.280901156890609,8.050089445438285,8.481505515898762,8.470783787239485,7.660106216807241,6.99043414275201,4.6659089549560395,4.1669122414098085,3.3254018919389416,2.5905547913801072,3.6406241069897725,3.6946927690392672,2.8195911031228995,3.7877094972067047,2.768280577919935,2.384460086211587,2.6931060854364723,2.034664657121327,2.1946769693067045,1.9398848859518307,2.7341879887227973,1.7408736020257498,2.1265423995799484,2.0075282308657485,1.1857298192927004,1.8096028206989425,1.5012853470436953,1.230012300123004,1.407225463105107,2.470078940667173,1.5651909634282262,2.906034831915745,3.4112125952465155,2.142147117296224,4.373846690938113,4.752533700678932,5.650709998536078,7.999610724538951,8.347668195718654,9.416682321998879,12.225763244191954,14.088758729443573,15.929437706725471,17.264025410997125,16.68450078195736,16.914145802069353,16.45299958154221,15.150627768219916,11.59001128668172,5.502448910656971,1.4504116032928256,-3.5444084175726296,-6.944181048106699,-9.134276749695838,-10.696805770221545,-12.0587944501203,-10.461601168438575,-7.6917656178429175,-8.127208480565358,-4.392145105681297,-5.428473881870946,-5.5042369646537965,-7.005494505494514,-8.141266854813425,-5.002005615724026,-4.4312489901438035,2.6165857775902164,6.3238745466183035,6.69256428661909,10.2962931653916,9.932140653917337,10.258056748404716,11.152445781225268,8.097336654531519,6.853722409277962,4.568121428311416,2.9445275226091225,4.179665343165067,5.080176458231213,5.263157894736844,6.495348113305443,7.445469084969543,7.266851031219805,8.330026455026456,8.694098925010548,7.930324623911329,8.032552649562035,8.834213498580542,9.307398111629011,9.806625781272912,10.56929269695227,10.459147897792619,9.509881639012663,9.529408620827885,8.258789265654253,7.6126149002082215,8.207278717987117,8.039134359675018,9.699269792467332,8.317602642756016,10.91810841983852,15.670023937491543,19.231442960367854,27.304215227099437,29.340931306282886,27.039690751840062,25.97102088039228,20.16632728143877,9.760254699233016,3.239538350417225,-4.065894015598819,-4.750512645249489,0.03515916848566664,2.0036023162000083,5.125672431085315,4.39092213850018,3.4912499084718505,4.5866472090477854,4.002659766692212,2.729681346222692,1.3414651403019575,0.6878941787129631,0.6977261355423336,1.0581199202576337
Vermont,-0.04999999999999716,1.2071220199175163,1.8001618122977359,2.669632925472748,1.2806403201600811,0.1689692873471839,-0.5364593681700696,0.4136708362060491,1.15578385853996,1.1410994244889914,2.5169796244506553,-2.0009808729769554,-4.150390625,0.784852349651719,-0.07794232268121425,-0.7206485837253517,6.6428935303107455,0.5840552905675015,-0.7800312012480471,3.639479786268777,-2.1973822489729598,-1.7129584825316908,1.1694182389937084,0.4766536964980634,2.393279281039356,4.046868846002362,3.3608547838756615,5.59589505276405,2.7857279145201317,5.6685908961862355,7.818814021238612,6.069496653525263,10.348988305179141,7.675085079706258,7.426130916063799,9.525455959892813,8.259735890318789,11.253430924062204,9.03042596348884,8.618104332728278,9.579675238909163,7.363935406698582,9.696383390385476,8.217685097725788,7.74957458876915,6.998119908084383,7.950613933925784,9.896602658788781,11.76548002895308,15.931276844982422,14.26506629799536,15.090420332355809,14.165440094200768,11.249578982822511,12.874663146895449,10.754857203524786,6.766025475736169,7.039055404178014,3.9953225492106745,3.9254217791411175,4.0284016809158105,2.324046575213316,2.159857571214399,-1.0100078402435206,0.900775409759947,-1.9441629042661008,-4.797064893373083,-1.4815505031680853,-4.196769591827346,-1.2027814320616437,1.0453297364998253,-3.059680317790598,-0.9990873721120055,-3.490583983260416,-4.333524027459957,-1.2634762671349837,-2.120227063218672,-1.9414605302059713,-2.950117107689235,1.6304347826086873,1.4275800535342498,0.7788944723618147,4.087291399229786,-2.1195916383082087,0.6793079855341542,1.416105709299414,1.2382220906713979,2.513161815833914,-1.4076986554050663,2.2862480947932573,-0.05360101354643077,-2.4031007751938023,0.41356900201859825,1.4131897711978454,2.754619472478171,3.1969817315329614,1.4366266241725947,-0.6540904351123308,1.190928069842484,2.1550894746969496,8.67169373549884,3.8788167938931277,2.5554461480752044,7.45903183273685,-0.23574415087625708,3.981996050153868,4.8189465983906326,2.3926380368098195,5.443845022069646,5.424028268551237,5.365087673383936,4.099974321663962,8.405919661733613,2.547343723814305,6.565656565656572,12.40338760072357,10.063187456119827,21.604837391730676,21.793178463211856,18.397278812040508,19.82068183429017,17.144873000940745,12.6180147996938,9.681505050817101,6.725621839046466,7.095534459517598,14.20357992522942,10.849176172370083,12.92503810447554,12.067164778661525,4.220916102472529,6.954290215209494,4.360843210876336,0.8865629555284678,-0.6543723973825104,3.8960421912861634,4.877016413488222,7.285991757070441
Virginia,1.1899999999999977,0.5735560474944732,1.796709397395782,1.1805902951475664,-0.2569423856112174,1.520760380190091,0.9122459097669825,0.8306140611094665,1.5654413950262542,1.7345028087119396,2.04382430971799,2.6674512111405306,1.9510291678860598,1.404630436888504,1.3577274915743964,0.3534243958353277,1.463974739259402,1.633549866259069,1.4820444613338286,2.00837616600038,1.9520935496039165,1.6824889557289275,1.8255008425388533,2.584678548101144,1.794468596799554,3.0412275836568603,3.1074744874505926,3.7202110241950184,5.860972285324855,5.0506862833049215,6.081141328577791,6.112426554415504,5.613733905579404,7.344150298889845,7.632176178868633,7.644628099173553,9.005201560468139,8.89419252187748,9.394767668879345,9.35124760076776,8.380554727110056,9.234365867913512,9.13763563677897,9.745137962507895,10.209135938359916,10.159176029962545,10.805860805860814,12.08495937559976,12.646691635455692,13.241454677918767,14.793388429752067,15.41095890410959,16.11437437659314,16.620201586961183,15.946724262059032,15.113748763600398,13.572587572778467,10.615115851415963,6.985408258304875,5.370338546141949,3.697789730229436,2.5061302522754554,0.8208274604095804,-3.4983283046562765,-5.429937596239568,-8.879338306843975,-9.740953947368421,-11.39935778266014,-9.516668094952442,-6.207172732935844,-3.630814085918636,2.0362422508345306,-0.8618648482265441,-0.2704113098344292,-2.6425262361728294,-4.495957377202413,-4.0745163601624075,-4.780705927123971,-2.136440883709627,-2.2265720577440584,0.44318294990539525,1.7884797921766564,1.959811461175881,4.24924924924924,3.60418422487729,4.618404907975458,4.145985401459859,2.318882327524131,2.8519475547899362,1.1024582473259497,1.2942715634052808,3.275150150150145,2.205266586024011,2.3757598255301398,2.3847963466949658,1.9672875965470298,3.1545884923525156,3.4537460907401556,3.964678320418086,3.6715234148732256,3.309650942147301,4.118291347207012,4.086496793205065,4.040056732711569,5.544402204092089,4.178413633494637,4.2299845955285384,4.506960796463832,3.261969322918776,4.604572259471688,4.917116037547446,5.375919044983791,6.815598667450525,4.506139470229345,7.751465773242959,10.642208717833299,11.330446906876054,16.083502678736387,14.942406897039087,13.537887777589425,14.939687561795525,13.613215354255518,10.156466139989554,8.37912087912088,5.677419354838713,4.930662557781209,7.012697083856563,7.194026560864058,6.425179758513093,7.360832999599517,6.117659330343168,5.865569978151906,6.970400020396189,4.0460559037103305,3.887550990317981,3.746327724767525,2.4429773339371263,3.0975883744831467
Washington,3.9300000000000073,3.757683918302604,5.336772145620469,4.482691559704395,4.300971807947656,4.873387482083129,4.972219606365949,5.323406235458352,6.079335793357924,6.469248291571748,5.606889746120032,4.533003446142966,4.096008348552055,1.343602909713314,1.2827047230717,1.580726965342354,0.8187134502924011,2.508022293531497,2.465822360144257,2.1885661978863236,2.7345044746436833,3.5587774940275088,4.772038962101988,5.651465798045612,6.759154702371357,7.342295760082733,6.757812500000004,7.145059349468152,6.316107585373213,6.010078553431165,6.015367727771678,5.855693834975912,5.919556566230822,4.907375043691005,4.776696348450326,4.546381243628948,4.582354914458224,4.984340641034196,5.1518545358719425,4.784191367654697,4.901206055940477,5.20469692161218,4.523526094856211,5.71339950372209,5.277641878669273,5.478129713423838,6.989150632380264,7.2765682765095985,9.265175718849832,10.673225418978435,11.37318617289483,12.729062961544779,12.97182349813929,14.894826606026147,17.07832385934907,16.964285714285705,17.392941176470593,15.613332733570232,12.851250322247987,11.33421838698972,10.045698709211887,7.439109796902967,5.284599276603844,2.2358026531524815,-1.9197144106075994,-4.128340696748018,-6.769609084005341,-9.728094474413188,-8.497678737233052,-10.198685502757423,-9.65827547418642,-5.846489280090439,-5.905751511953571,-3.815092117439228,-3.9543171182001666,-6.642651914747634,-8.752480372702957,-10.123759128875664,-9.280286097451942,-7.859439595773994,-4.7369167493972535,0.20922537952509654,3.375381886271802,7.7720723864599455,8.987147039849146,8.594319009468327,9.990943324276662,6.563974465723008,6.342773882160098,6.040688575899839,4.7887323943662015,6.498241958588357,7.91693427531577,8.804182830156867,8.995037220843672,10.935844134670258,10.216632280590394,10.157339947294984,10.715234300891673,10.129698350295769,10.63393210698728,11.377308707124003,11.066177730559636,11.096283445652896,11.638954869358683,10.395148299061887,9.692051345346837,7.76576576576577,6.266394637132031,5.530758226037191,6.11268952713157,7.866577495402096,8.990674712013156,8.442914079657307,11.285191665341179,14.182748198093476,16.032512959887256,21.379103432757454,20.750851616284322,19.566053530622867,20.143572838274537,16.066573288292,9.38449398303414,3.205479970480811,-2.2257522970558044,-3.213956129765034,0.5518783703356259,3.4194459214169117,4.482682224355656,4.879256284724135,3.3433178483669015,2.9234478601567226,3.7620158326265334,2.7850624147697385,1.44748945623688,2.0980105072775928,-0.26736601897107504,-0.9440220441904297
West Virginia,3.019999999999996,7.013143373131328,5.808461461159683,3.3662217063261792,4.416618132401473,3.6846052878304962,7.8544971032386695,5.97042859816582,8.190015803662734,5.940862645808838,5.635787249031341,7.002825856587784,5.550781921292326,4.685899624445211,3.2177392464154715,4.159445407279023,3.964506675350041,2.657969832857718,3.1012760458730444,-0.07130972189207606,-1.3389711064129621,3.891668652211902,0.21149929500235803,3.3380907072629307,3.0238095238095255,1.4601330173534106,3.431564136637213,2.209775186066136,3.8594869424543496,1.2281494876431551,2.4486094316807807,2.327152616169953,1.2683578104138913,2.396724972087829,1.490115078194165,0.9977257721370296,2.8418662565003996,-0.1671876135785344,2.3549934583514904,3.421224667683597,2.9841179403176397,5.71574195427406,3.5009231643232543,4.691670178395848,4.322268326417704,5.503133824643577,5.248713550600347,3.823963504629001,4.8525024859131545,4.91578535056796,7.966101694915253,9.433962264150958,6.897641777833992,8.562006097940383,7.7587247916918205,6.683986773736415,8.333333333333318,5.2329913452169405,3.216226816831966,2.3024131060438324,4.00174701097342,2.657952069716773,3.539438684110516,2.4399480631897807,-0.850393700787404,1.0239813242784417,-2.6582079379227146,-1.515711645101666,-2.3983481575603567,-2.226773803896859,-0.5547775503608753,-1.9787644787644776,-1.6598860862489844,-0.7842294676908094,0.6661972593836419,1.6466983970676838,0.96530420872635,-3.583996535109092,-2.3350909286559793,-2.325080731969871,3.8789335664335636,3.0377898815205775,2.109960334949308,4.777385937844399,-0.36814978436940604,3.656675749318805,1.748044240625848,0.7047068104128337,3.72677364864865,2.870511539876967,5.7001961927991935,0.08877748185283173,-0.5496183206106934,1.6711810701691678,-0.1705628574295191,6.318480642804975,2.430662163545185,2.3122549512415778,1.819095477386937,-0.6281591990970217,0.7044012589299221,0.014739117618159154,0.38989240943637943,1.1951207467035347,2.5151304692925853,2.1270324704033072,2.9300427707585706,0.15128593040847313,3.8422453423663185,3.150553150553143,3.085446816640401,7.625962381834133,0.9040495829255779,1.4595476801119254,4.767641199091874,5.912980486258887,10.465062577933772,13.54444342310874,13.753759065982674,12.409695207968184,14.24390651783101,13.80692167577414,8.234196407744324,5.970489808335886,4.82690477933104,2.0842225067577025,6.670258620689673,12.405799181798605,3.1558736254145647,10.992265347362558,4.99377041451998,3.4479455990805334,9.167822938170488,2.6148099318830975,6.007055805003195,0.413541955991739,4.994109988219981,5.5827470174365255
Wisconsin,5.340000000000003,6.683143845773594,6.376133372331097,7.420256336127978,7.793810518321618,7.107774997683257,8.19356612592796,8.091863281600427,8.392778511668869,8.02041875757051,6.759847522236344,6.025396298448008,4.663633409164767,4.301161393672411,4.498928826469878,4.250489236790612,3.935724266418253,4.5231147289203,3.5459377372817134,3.056014416579061,3.465531406378382,2.402468591580326,3.4758377942362757,3.3296903460837837,3.378329603695955,4.103888649734538,4.039401885054204,4.999294880834864,4.971719851965648,5.561681598897308,5.408350929773174,5.43281176549594,6.545599680702438,5.7321929881830656,6.009693053311801,5.802547770700646,5.338078291814955,5.4769990737882095,5.364218226150553,5.682981157064594,4.913466097676619,5.175038051750383,5.912641018223893,5.736257476502417,6.332975538105197,6.256261827897144,5.872070792592997,6.540243508242639,6.991818085219423,6.966998428496586,7.331544732225781,6.8618527508090725,5.3282351772768,6.07247796278159,5.37422487141278,4.760327449959766,5.2991372401112535,3.3425669436749814,2.399525569088997,1.4002439134559028,0.6089097828520321,0.7773409578270233,-0.30293580433911294,-1.077999020000898,-1.744470651061375,-3.4355882613706887,-3.8384199472719973,-4.4085198360877165,-2.273653698084144,-3.213515126474774,-3.601301115241636,-2.7746372715281775,-5.278769059646852,-3.7376084997391374,-2.916365389250414,-2.141576626774547,-4.976025051374884,-4.986449864498634,-4.026812313803383,-4.149131059068177,-0.576695329797644,0,0.5018366185524337,0.036158892504774616,1.6624372054482406,3.5367940673131737,3.654895500875128,4.435608798925954,3.1176770249617807,2.3741547708489756,2.433452522844645,3.144622991347349,4.456081414879958,3.9532266744948448,3.408319596625619,3.796558170749239,3.8119561104805153,4.659481338541915,5.494866144685639,5.601995104604441,5.558086560364459,5.96753159149165,6.1952802097684545,5.357299046619435,6.594734570565388,6.548124257341711,6.566227244193346,7.0731808559212945,5.838529435581823,5.464611462938634,6.157712849513041,6.567164179104477,6.9204284621270205,5.759280939612522,7.520716188221361,10.64425770308123,11.538874378331961,15.958434509355804,15.499741957681065,13.486766398158817,14.778340925129912,13.620546300003067,10.893655049151025,9.670597097082595,7.258041977585861,6.64299653078926,8.743653799661539,8.709549597147,9.55495335869509,8.16580679594378,6.672101180771699,6.755443234836705,6.476394339398269,6.299342105263158,6.000046314521924,5.647364108167168,4.748927805575409,4.818637961141432
Wyoming,6.430000000000007,4.855412270418131,3.900470746469403,7.11624797019773,5.393216198440284,7.043697009223891,9.736477115117893,8.89067237381844,13.105108317732018,11.141091478805812,10.667340748230531,9.802636966669407,7.0387010325530115,8.69292818544913,6.0910613674432765,6.22762529832935,5.994108983799695,4.135744650190943,4.270130615760003,1.9658779751456734,1.479783243017921,2.629211928319388,2.821942322252044,2.988363285822491,3.5120147874306813,2.831524303916934,3.0791887007162613,2.9618238951661477,2.876984126984142,2.104504031993711,2.922267679719462,3.9870129870129785,4.018000642880103,5.656864004109415,3.545965045113259,5.482702635194206,4.048207663782437,3.749620176238218,5.557248187191503,5.86076249112006,8.52390852390852,8.7570290534208,8.739825665300478,7.415277933117112,5.07389162561577,7.567189098938984,8.483304135478043,7.991461890878797,11.46012397770485,8.957540556779499,9.038414484952288,9.675553198669427,9.272327896434081,10.491245806718434,11.713490709990126,13.094505494505505,13.656387665198242,12.789053402096156,11.328941025228996,13.25741381320687,10.532851659516824,10.778421033223946,9.761114318706701,3.774879890185313,3.8606883872944455,-0.26296518207843034,-1.2657395535391467,-1.0846560846560758,-6.228078801586522,-3.207288989754035,-4.698321790090574,-6.017651778550414,-2.226727723983642,-3.1894352113647337,-3.979595401977564,-1.483352305065458,-0.2681444404719342,-0.5449300138903632,1.5282730514518552,-0.16609496298970194,0.20433769492740392,1.6509096118034714,3.6162282273672255,5.211761727368066,2.100028620492274,3.2481944689096243,2.196395835495128,1.0519078721210047,6.846771085181688,2.7194868120244404,2.4301089826034006,5.561981221934966,2.6924212114255663,3.730401275577983,4.649088025376683,1.914214817440623,1.1496455259628355,1.3962276235309232,0.19260522244324893,0.5596837944663974,0.7103618109490434,1.6296623819600244,1.9948317156182984,2.5092761461543356,3.2759647637856952,3.207060505298484,3.33693805036305,3.5766871165644245,3.2934677027683414,5.6366866399686755,5.534459560472415,6.097849908191664,8.372270710276513,4.877005957301261,6.02334542157753,8.25959525471039,8.27864851673085,12.521063216828829,15.859654748543628,16.813634488448855,16.192932809095698,16.567232675539245,12.20794796687963,7.47158150314534,6.183589456214841,3.128885205138824,3.8746145940390595,2.7254056274389074,5.393171761458205,4.840265220012051,5.133076085881061,7.5154447487854075,4.597191995839994,4.720289771747254,1.8163338289823057,3.270975900029759,2.008838151353336,3.233776216097521
